----RRRR---RRRR.--RRR...-RR...BB-...BBB--.BBBB---BBBB---,B,R
----RRRR---RRRR.--RRR...-RR...BB-...BBB--BBBBB---.BBB---,R,R
----RRRR---RRRR.--RRR...-R.R..BB-...BBB--BBBBB---.BBB---,B,R
----RRRR---RRRR.--RRR...-R.R..BB-.B.BBB--.BBBB---.BBB---,R,R
----RRR.---RRRRR--RRR...-R.R..BB-.B.BBB--.BBBB---.BBB---,B,R
----RRR.---RRRRR--RRR...-R.R..BB-.B.BBB--.BBBB---B.BB---,R,R
----RRR.---RRRRR--RRR...-..R..BB-RB.BBB--.BBBB---B.BB---,B,R
----RRR.---RRRRR--RRR...-..R.BBB-RB.B.B--.BBBB---B.BB---,R,R
----RR.R---RRRRR--RRR...-..R.BBB-RB.B.B--.BBBB---B.BB---,B,R
----RR.R---RRRRR--RRR...-..RBBBB-RB...B--.BBBB---B.BB---,R,R
----RR.R---RRRRR--R.R...-.RRBBBB-RB...B--.BBBB---B.BB---,B,R
----RR.R---RRRRR--R.R...-.RRBBBB-RB.B.B--.BB.B---B.BB---,R,R
----RR.R---RRRRR--R.R...-.R.BBBB-RBRB.B--.BB.B---B.BB---,B,R
----RR.R---RRRRR--R.R...-.R.BBBB-RBRB.B--.BBBB---B.B.---,R,R
----RR.R---.RRRR--RRR...-.R.BBBB-RBRB.B--.BBBB---B.B.---,B,R
----RR.R---.RRRR--RRR..B-.R.BBB.-RBRB.B--.BBBB---B.B.---,R,R
----RR.R---.RRRR--R.R..B-.RRBBB.-RBRB.B--.BBBB---B.B.---,B,R
----RR.R---.RRRR--R.R.BB-.RRB.B.-RBRB.B--.BBBB---B.B.---,R,R
----RR.R---.RRRR--R.R.BB-.RRB.B.-.BRB.B--RBBBB---B.B.---,B,R
----RR.R---.RRRR--R.R.BB-.RRBB..-.BRB.B--RBBBB---B.B.---,R,R
----RR.R---.RRRR--R.R.BB-..RBB..-RBRB.B--RBBBB---B.B.---,B,R
----RR.R---.RRRR--R.R.BB-..RBB..-RBRBBB--RBBB.---B.B.---,R,R
----RR.R---.RRRR--.RR.BB-..RBB..-RBRBBB--RBBB.---B.B.---,B,R
----RR.R---.RRRR--.RR.BB-.BRBB..-R.RBBB--RBBB.---B.B.---,R,R
----RR.R---.R.RR--.RRRBB-.BRBB..-R.RBBB--RBBB.---B.B.---,B,R
----RR.R---.R.RR--.RRRBB-.BRBB..-R.RBBB--RBBB.---BB..---,R,R
----RR.R---.R.RR--.RRRBB-.B.BB..-RRRBBB--RBBB.---BB..---,B,R
----RR.R---.R.RR--BRRRBB-...BB..-RRRBBB--RBBB.---BB..---,R,R
----RR.R---..RRR--BRRRBB-...BB..-RRRBBB--RBBB.---BB..---,B,R
----RR.R---B.RRR--.RRRBB-...BB..-RRRBBB--RBBB.---BB..---,R,R
----.R.R---BRRRR--.RRRBB-...BB..-RRRBBB--RBBB.---BB..---,B,R
----.R.R---BRRRR--.RRRBB-..B.B..-RRRBBB--RBBB.---BB..---,R,R
----.R.R---BRRRR--.R.RBB-..BRB..-RRRBBB--RBBB.---BB..---,B,R
----BR.R---.RRRR--.R.RBB-..BRB..-RRRBBB--RBBB.---BB..---,R,R
----BR.R---.R.RR--.RRRBB-..BRB..-RRRBBB--RBBB.---BB..---,B,R
----BR.R---.R.RR--.RRRBB-..BRBB.-RRRB.B--RBBB.---BB..---,R,R
----BR.R---..RRR--.RRRBB-..BRBB.-RRRB.B--RBBB.---BB..---,B,R
----BR.R---..RRR--.RRRBB-..BRBBB-RRRB..--RBBB.---BB..---,R,R
----B..R---.RRRR--.RRRBB-..BRBBB-RRRB..--RBBB.---BB..---,B,R
----B..R---.RRRR--.RRRBB-.B.RBBB-RRRB..--RBBB.---BB..---,R,R
----B..R---.RRRR--.R.RBB-.BRRBBB-RRRB..--RBBB.---BB..---,B,R
----B..R---.RRRR--.R.RBB-.BRRBBB-RRRBB.--RBB..---BB..---,R,R
----B..R---..RRR--.RRRBB-.BRRBBB-RRRBB.--RBB..---BB..---,B,R
----B..R---..RRR--.RRRBB-B.RRBBB-RRRBB.--RBB..---BB..---,R,R
----B..R---..RRR--..RRBB-BRRRBBB-RRRBB.--RBB..---BB..---,B,R
----RRRR---RRRR.--RRR...-RR...BB-...BBB--.BBBB---BBBB---,B,B
----RRRR---RRRR.--RRR..B-RR...B.-...BBB--.BBBB---BBBB---,R,B
----RRRR---RRR..--RRRR.B-RR...B.-...BBB--.BBBB---BBBB---,B,B
----RRRR---RRR..--RRRRB.-RR...B.-...BBB--.BBBB---BBBB---,R,B
----RR.R---RRRR.--RRRRB.-RR...B.-...BBB--.BBBB---BBBB---,B,B
----RR.R---RRRRB--RRRR..-RR...B.-...BBB--.BBBB---BBBB---,R,B
----RR.R---RRRRB--RR.R..-RR.R.B.-...BBB--.BBBB---BBBB---,B,B
----RR.R---RRRRB--RR.R..-RR.RBB.-...B.B--.BBBB---BBBB---,R,B
----RR.R---R.RRB--RRRR..-RR.RBB.-...B.B--.BBBB---BBBB---,B,B
----RR.R---R.RRB--RRRR..-RR.RBB.-...BBB--.BB.B---BBBB---,R,B
----.R.R---RRRRB--RRRR..-RR.RBB.-...BBB--.BB.B---BBBB---,B,B
----.R.R---RRRRB--RRRR..-RR.RBB.-..B.BB--.BB.B---BBBB---,R,B
----.R.R---RRR.B--RRRRR.-RR.RBB.-..B.BB--.BB.B---BBBB---,B,B
----.R.R---RRR.B--RRRRR.-RR.RBB.-..B.BB--BBB.B---.BBB---,R,B
----..RR---RRR.B--RRRRR.-RR.RBB.-..B.BB--BBB.B---.BBB---,B,B
----..RR---RRR.B--RRRRRB-RR.RB..-..B.BB--BBB.B---.BBB---,R,B
----...R---RRRRB--RRRRRB-RR.RB..-..B.BB--BBB.B---.BBB---,B,B
----...R---RRRRB--RRRRRB-RR.RB..-..BB.B--BBB.B---.BBB---,R,B
----...R---RRRRB--RRRR.B-RR.RBR.-..BB.B--BBB.B---.BBB---,B,B
----...R---RRRRB--RRRR.B-RR.RBR.-..BB.B--BBBBB---.BB.---,R,B
----...R---RRRRB--RR.R.B-RRRRBR.-..BB.B--BBBBB---.BB.---,B,B
----...R---RRRRB--RR.R.B-RRRRBR.-..BBB.--BBBBB---.BB.---,R,B
----...R---RRR.B--RR.RRB-RRRRBR.-..BBB.--BBBBB---.BB.---,B,B
----...R---RRR.B--RR.RRB-RRRRBR.-..BBBB--BBBB.---.BB.---,R,B
----...R---RR.RB--RR.RRB-RRRRBR.-..BBBB--BBBB.---.BB.---,B,B
----...R---RR.RB--RR.RRB-RRRRBRB-..BBB.--BBBB.---.BB.---,R,B
----...R---RR.RB--RR.RRB-R.RRBRB-.RBBB.--BBBB.---.BB.---,B,B
----...R---RR.RB--RR.RRB-R.RRBRB-BRBBB.--.BBB.---.BB.---,R,B
----...R---RR.RB--RR.RRB-R.RRBRB-B.BBB.--RBBB.---.BB.---,B,B
----...R---RR.RB--RR.RRB-RBRRBRB-..BBB.--RBBB.---.BB.---,R,B
----...R---RR.RB--RR.RRB-.BRRBRB-R.BBB.--RBBB.---.BB.---,B,B
----...R---RR.RB--RR.RRB-.BRRBRB-RB.BB.--RBBB.---.BB.---,R,B
----...R---RR.RB--R.RRRB-.BRRBRB-RB.BB.--RBBB.---.BB.---,B,B
----...R---RR.RB--R.RRRB-B.RRBRB-RB.BB.--RBBB.---.BB.---,R,B
----...R---R..RB--RRRRRB-B.RRBRB-RB.BB.--RBBB.---.BB.---,B,B
----...R---R..RB--RRRRRB-B.RRBRB-RBBBB.--RB.B.---.BB.---,R,B
----...R---.R.RB--RRRRRB-B.RRBRB-RBBBB.--RB.B.---.BB.---,B,B
----...R---.R.RB--RRRRRB-B.RRBRB-RBBBB.--RBBB.---.B..---,R,B
----...R---..RRB--RRRRRB-B.RRBRB-RBBBB.--RBBB.---.B..---,B,B
----...R---..RRB--RRRRRB-B.RRBRB-RBBBB.--RBBB.---B...---,R,B
----...R---..RRB--RRRRRB-B.RRB.B-RBBBBR--RBBB.---B...---,B,B
----...R---..RRB--RRRRRB-BBRRB.B-R.BBBR--RBBB.---B...---,R,B
----...R---..RRB--RRRRRB-BBRRB.B-.RBBBR--RBBB.---B...---,B,B
----...R---..RRB--RRRRRB-BBRRBB.-.RBBBR--RBBB.---B...---,R,B
----RRRR---RRRR.--RRR...-RR...BB-...BBB--.BBBB---BBBB---,B,B
----RRRR---RRRR.--RRR..B-RR...B.-...BBB--.BBBB---BBBB---,R,B
----RRRR---RRRR.--RRR..B-.R...B.-R..BBB--.BBBB---BBBB---,B,B
----RRRR---RRRRB--RRR...-.R...B.-R..BBB--.BBBB---BBBB---,R,B
----RRRR---RR.RB--RRRR..-.R...B.-R..BBB--.BBBB---BBBB---,B,B
----RRRR---RR.RB--RRRR..-.R...B.-R.BBBB--.B.BB---BBBB---,R,B
----RRRR---RR.RB--R.RR..-.RR..B.-R.BBBB--.B.BB---BBBB---,B,B
----RRRR---RR.RB--R.RR..-.RR..B.-RB.BBB--.B.BB---BBBB---,R,B
----RRRR---RR.RB--R.RR..-.R...B.-RBRBBB--.B.BB---BBBB---,B,B
----RRRR---RR.RB--R.RR..-.R...B.-RBRBBB--BB.BB---.BBB---,R,B
----RR.R---RRRRB--R.RR..-.R...B.-RBRBBB--BB.BB---.BBB---,B,B
----RR.R---RRRRB--R.RR..-.R...B.-RBRBBB--BBB.B---.BBB---,R,B
----RR.R---RRRRB--R..R..-.RR..B.-RBRBBB--BBB.B---.BBB---,B,B
----RR.R---RRRRB--R..R..-.RR.BB.-RBRB.B--BBB.B---.BBB---,R,B
----RR.R---.RRRB--RR.R..-.RR.BB.-RBRB.B--BBB.B---.BBB---,B,B
----RR.R---.RRRB--RR.R..-.RR.BB.-RBRB.B--BBBB.---.BBB---,R,B
----RR.R---.RRRB--R.RR..-.RR.BB.-RBRB.B--BBBB.---.BBB---,B,B
----RR.R---.RRRB--R.RR.B-.RR.B..-RBRB.B--BBBB.---.BBB---,R,B
----RR.R---.RR.B--R.RRRB-.RR.B..-RBRB.B--BBBB.---.BBB---,B,B
----RR.R---.RR.B--R.RRRB-.RR.B..-RBRB.B--BBBBB---.BB.---,R,B
----RR..---.RRRB--R.RRRB-.RR.B..-RBRB.B--BBBBB---.BB.---,B,B
----RR..---.RRRB--R.RRRB-.RRBB..-RBR..B--BBBBB---.BB.---,R,B
----.R..---RRRRB--R.RRRB-.RRBB..-RBR..B--BBBBB---.BB.---,B,B
----.R..---RRRRB--R.RRRB-.RRBB..-RBRB.B--BB.BB---.BB.---,R,B
----.R..---RRRRB--..RRRB-RRRBB..-RBRB.B--BB.BB---.BB.---,B,B
----.R..---RRRRB--..RRRB-RRRBB.B-RBRB..--BB.BB---.BB.---,R,B
----.R..---.RRRB--.RRRRB-RRRBB.B-RBRB..--BB.BB---.BB.---,B,B
----.R..---.RRRB--.RRRRB-RRRBB.B-RBRBB.--BB.B.---.BB.---,R,B
----.R..---.RRRB--.RRRRB-RRRBB.B-RB.BB.--BBRB.---.BB.---,B,B
----.R..---.RRRB--.RRRRB-RRRBBBB-RB.B..--BBRB.---.BB.---,R,B
----.R..---.RRRB--.RRRRB-RR.BBBB-RBRB..--BBRB.---.BB.---,B,B
----.R..---.RRRB--.RRRRB-RR.BBBB-RBRBB.--BBR..---.BB.---,R,B
----.R..---.RRRB--.RRRRB-RR.BBBB-RBRBB.--BB.R.---.BB.---,B,B
----.R..---.RRRB--.RRRRB-RR.BBBB-RBRBB.--BBBR.---.B..---,R,B
----..R.---.RRRB--.RRRRB-RR.BBBB-RBRBB.--BBBR.---.B..---,B,B
----..R.---.RRRB--.RRRRB-RR.BBBB-RBRBB.--BBBR.---B...---,R,B
----..R.---.RRRB--.RRRRB-R.RBBBB-RBRBB.--BBBR.---B...---,B,B
----..RB---.RRR.--.RRRRB-R.RBBBB-RBRBB.--BBBR.---B...---,R,B
----..RB---.RR.R--.RRRRB-R.RBBBB-RBRBB.--BBBR.---B...---,B,B
----..RB---.RR.R--.RRRRB-RBRBBBB-R.RBB.--BBBR.---B...---,R,B
----..RB---.RR.R--.RRRRB-RBRBBBB-R.RBB.--BBB..---B.R.---,B,B
----..RB---.RR.R--BRRRRB-R.RBBBB-R.RBB.--BBB..---B.R.---,R,B
----..RB---.RR.R--B.RRRB-RRRBBBB-R.RBB.--BBB..---B.R.---,B,B
----..RB---BRR.R--..RRRB-RRRBBBB-R.RBB.--BBB..---B.R.---,R,B
----...B---BRRRR--..RRRB-RRRBBBB-R.RBB.--BBB..---B.R.---,B,B
----..B.---BRRRR--..RRRB-RRRBBBB-R.RBB.--BBB..---B.R.---,R,B
----..B.---BRRRR--..RRRB-RRRBBBB-.RRBB.--BBB..---B.R.---,B,B
----B.B.---.RRRR--..RRRB-RRRBBBB-.RRBB.--BBB..---B.R.---,R,B
----B.B.---.RRRR--..RRRB-RRRBBBB-.RRBB.--BBB..---B..R---,B,B
----B.B.---.RRRR--..RRRB-RRRBBBB-BRRBB.--.BB..---B..R---,R,B
----B.B.---.RRRR--..RRRB-RRRBBBB-B.RBB.--RBB..---B..R---,B,B
----B.B.---.RRRR--..RRRB-RRRBBBB-BBRBB.--R.B..---B..R---,R,B
----B.B.---.RRRR--..RRRB-RRRBBBB-BB.BB.--RRB..---B..R---,B,B
----BB..---.RRRR--..RRRB-RRRBBBB-BB.BB.--RRB..---B..R---,R,B
----BB..---.RRRR--..RRRB-RRRBBBB-BB.BB.--R.B..---BR.R---,B,B
----BB..---.RRRR--..RRRB-RRRBBBB-BBBBB.--R....---BR.R---,R,B
----BB..---..RRR--.RRRRB-RRRBBBB-BBBBB.--R....---BR.R---,B,B
----BB..---..RRR--.RRRRB-RRRBBBB-BBBBB.--RB...---.R.R---,R,B
----RRRR---RRRR.--RRR...-RR...BB-...BBB--.BBBB---BBBB---,B,R
----RRRR---RRRR.--RRR...-RR...BB-..BBBB--.B.BB---BBBB---,R,R
----RRRR---RRRR.--RR.R..-RR...BB-..BBBB--.B.BB---BBBB---,B,R
----RRRR---RRRR.--RR.R..-RR..BBB-..B.BB--.B.BB---BBBB---,R,R
----RRRR---RR.R.--RRRR..-RR..BBB-..B.BB--.B.BB---BBBB---,B,R
----RRRR---RR.R.--RRRR..-RR..BBB-..BB.B--.B.BB---BBBB---,R,R
----RRRR---RR...--RRRRR.-RR..BBB-..BB.B--.B.BB---BBBB---,B,R
----RRRR---RR...--RRRRR.-RR..BBB-..BB.B--.BBBB---B.BB---,R,R
----R.RR---RRR..--RRRRR.-RR..BBB-..BB.B--.BBBB---B.BB---,B,R
----R.RR---RRR..--RRRRR.-RR..BBB-..BBBB--.BB.B---B.BB---,R,R
----R.RR---RRR..--RRRRR.-.R..BBB-R.BBBB--.BB.B---B.BB---,B,R
----R.RR---RRR..--RRRRRB-.R..BB.-R.BBBB--.BB.B---B.BB---,R,R
----R.RR---RRR..--RRR.RB-.R.RBB.-R.BBBB--.BB.B---B.BB---,B,R
----R.RR---RRR..--RRR.RB-.R.RBB.-R.BBBB--.BBBB---B.B.---,R,R
----R.RR---RR.R.--RRR.RB-.R.RBB.-R.BBBB--.BBBB---B.B.---,B,R
----R.RR---RR.RB--RRR.R.-.R.RBB.-R.BBBB--.BBBB---B.B.---,R,R
----R.RR---RR.RB--RRR.R.-...RBB.-RRBBBB--.BBBB---B.B.---,B,R
----R.RR---RR.RB--RRR.R.-...RBB.-RRBBBB--BBBBB---..B.---,R,R
----R.RR---RR.RB--RRR..R-...RBB.-RRBBBB--BBBBB---..B.---,B,R
----R.RR---RR.RB--RRR.BR-...RB..-RRBBBB--BBBBB---..B.---,R,R
----R..R---RRRRB--RRR.BR-...RB..-RRBBBB--BBBBB---..B.---,B,R
----R..R---RRRRB--RRRB.R-...RB..-RRBBBB--BBBBB---..B.---,R,R
----.R.R---RRRRB--RRRB.R-...RB..-RRBBBB--BBBBB---..B.---,B,R
----.R.R---RRRRB--RRRB.R-...RBB.-RRBB.B--BBBBB---..B.---,R,R
----.R.R---RRRRB--.RRB.R-.R.RBB.-RRBB.B--BBBBB---..B.---,B,R
----.R.R---RRRRB--.RRB.R-.R.RBB.-RRBB.B--BBBBB---.B..---,R,R
----.R.R---RRRRB--.RRB..-.R.RBBR-RRBB.B--BBBBB---.B..---,B,R
----.R.R---RRRRB--.RRBB.-.R.RB.R-RRBB.B--BBBBB---.B..---,R,R
----.R.R---.RRRB--RRRBB.-.R.RB.R-RRBB.B--BBBBB---.B..---,B,R
----.R.R---.RRRB--RRRBB.-.R.RBBR-RRBB..--BBBBB---.B..---,R,R
----.R.R---.RRRB--.RRBB.-RR.RBBR-RRBB..--BBBBB---.B..---,B,R
----.R.R---.RRRB--.RRBB.-RR.RBBR-RRBBB.--BBB.B---.B..---,R,R
----.R.R---.RRRB--.R.BB.-RRRRBBR-RRBBB.--BBB.B---.B..---,B,R
----.R.R---.RRRB--.R.BB.-RRRRBBR-RRBBBB--BBB..---.B..---,R,R
----.R.R---.R.RB--.RRBB.-RRRRBBR-RRBBBB--BBB..---.B..---,B,R
----.R.R---.R.RB--.RRBB.-RRRRBBR-RRBBBB--BBB..---B...---,R,R
----..RR---.R.RB--.RRBB.-RRRRBBR-RRBBBB--BBB..---B...---,B,R
----..RR---.R.RB--.RRBBB-RRRRB.R-RRBBBB--BBB..---B...---,R,R
----...R---.RRRB--.RRBBB-RRRRB.R-RRBBBB--BBB..---B...---,B,R
----RRRR---RRRR.--RRR...-RR...BB-...BBB--.BBBB---BBBB---,B,R
----RRRR---RRRR.--RRR...-RR...BB-...BBB--BBBBB---.BBB---,R,R
----RRRR---RRR..--RRR.R.-RR...BB-...BBB--BBBBB---.BBB---,B,R
----RRRR---RRR..--RRR.R.-RR...BB-..BBBB--B.BBB---.BBB---,R,R
----RRRR---RRR..--R.R.R.-RRR..BB-..BBBB--B.BBB---.BBB---,B,R
----RRRR---RRR..--R.R.RB-RRR..B.-..BBBB--B.BBB---.BBB---,R,R
----RRRR---RRR..--R.R.RB-R.R..B.-R.BBBB--B.BBB---.BBB---,B,R
----RRRR---RRR..--R.R.RB-R.R..B.-R.BBBB--BB.BB---.BBB---,R,R
----RRRR---RRR..--R.R.RB-.RR..B.-R.BBBB--BB.BB---.BBB---,B,R
----RRRR---RRR..--R.R.RB-.RR..B.-R.BBBB--BBBBB---.B.B---,R,R
----RRRR---RRR..--R.R..B-.RR.RB.-R.BBBB--BBBBB---.B.B---,B,R
----RRRR---RRR..--R.R..B-.RR.RB.-RBBBBB--B.BBB---.B.B---,R,R
----RRRR---RRR..--R.R..B-.R.RRB.-RBBBBB--B.BBB---.B.B---,B,R
----RRRR---RRR..--R.R..B-.R.RRB.-RBBBBB--B.BBB---.BB.---,R,R
----RRRR---.RR..--RRR..B-.R.RRB.-RBBBBB--B.BBB---.BB.---,B,R
----RRRR---.RR..--RRR.BB-.R.RR..-RBBBBB--B.BBB---.BB.---,R,R
----.RRR---RRR..--RRR.BB-.R.RR..-RBBBBB--B.BBB---.BB.---,B,R
----.RRR---RRR..--RRR.BB-.R.RRB.-RBBB.B--B.BBB---.BB.---,R,R
----.RRR---RRR..--.RR.BB-RR.RRB.-RBBB.B--B.BBB---.BB.---,B,R
----.RRR---RRR..--.RR.BB-RR.RRB.-RBBBBB--B.B.B---.BB.---,R,R
----.RR.---RRR.R--.RR.BB-RR.RRB.-RBBBBB--B.B.B---.BB.---,B,R
----.RR.---RRR.R--.RRB.B-RR.RRB.-RBBBBB--B.B.B---.BB.---,R,R
----.RR.---RRR.R--.R.B.B-RRRRRB.-RBBBBB--B.B.B---.BB.---,B,R
----.RR.---RRR.R--.RB..B-RRRRRB.-RBBBBB--B.B.B---.BB.---,R,R
----.R..---RRRRR--.RB..B-RRRRRB.-RBBBBB--B.B.B---.BB.---,B,R
----.R..---RRRRR--.RB.BB-RRRRR..-RBBBBB--B.B.B---.BB.---,R,R
----.R..---RR.RR--.RBRBB-RRRRR..-RBBBBB--B.B.B---.BB.---,B,R
----.R..---RR.RR--.RBRBB-RRRRR..-RBBBBB--B.B.B---B.B.---,R,R
----.R..---.R.RR--RRBRBB-RRRRR..-RBBBBB--B.B.B---B.B.---,B,R
----.R..---.R.RR--RRBRBB-RRRRR..-RBBBBB--BB..B---B.B.---,R,R
----.R..---..RRR--RRBRBB-RRRRR..-RBBBBB--BB..B---B.B.---,B,R
----.R..---..RRR--RRBRBB-RRRRR..-RBBBBB--BB.B.---B.B.---,R,R
----..R.---..RRR--RRBRBB-RRRRR..-RBBBBB--BB.B.---B.B.---,B,R
----..R.---..RRR--RRBRBB-RRRRRB.-RBBB.B--BB.B.---B.B.---,R,R
----...R---..RRR--RRBRBB-RRRRRB.-RBBB.B--BB.B.---B.B.---,B,R
----...R---..RRR--RRBRBB-RRRRRB.-RBBB.B--BB.B.---BB..---,R,R
----...R---..RRR--RRBRBB-RRRR.B.-RBBBRB--BB.B.---BB..---,B,R
----...R---..RRR--RRBRBB-RRRR.B.-RBBBRB--BBBB.---B...---,R,R
----...R---..RRR--RRBRBB-RRRR.B.-RBBB.B--BBBBR---B...---,B,R
----...R---..RRR--RRBRBB-RRRR.BB-RBBB..--BBBBR---B...---,R,R
----...R---..RRR--RRBRBB-RRR.RBB-RBBB..--BBBBR---B...---,B,R
----...R---..RRR--RRBRBB-RRRBRBB-RBB...--BBBBR---B...---,R,R
----...R---..RRR--RRBRBB-RRRBRBB-RBB...--BBBB.---B..R---,B,R
----...R---..RRR--RRBRBB-RRRBRBB-RBBB..--BBB..---B..R---,R,R
----...R---..RRR--RRBRBB-RRRB.BB-RBBBR.--BBB..---B..R---,B,R
----...R---..RRR--RRBRBB-RRRBB.B-RBBBR.--BBB..---B..R---,R,R
----...R---..RRR--RRBRBB-RRRBB.B-RBBB.R--BBB..---B..R---,B,R
----...R---.BRRR--RR.RBB-RRRBB.B-RBBB.R--BBB..---B..R---,R,R
----...R---.BRRR--RR.RBB-RRRBB.B-RBBB..--BBB.R---B..R---,B,R
----...R---.BRRR--RR.RBB-RRRBBB.-RBBB..--BBB.R---B..R---,R,R
----...R---.B.RR--RRRRBB-RRRBBB.-RBBB..--BBB.R---B..R---,B,R
----RRRR---RRRR.--RRR...-RR...BB-...BBB--.BBBB---BBBB---,B,B
----RRRR---RRRR.--RRR...-RR...BB-..BBBB--.B.BB---BBBB---,R,B
----RRRR---RRRR.--RRR...-R.R..BB-..BBBB--.B.BB---BBBB---,B,B
----RRRR---RRRR.--RRR...-R.R..BB-..BBBB--.BBBB---B.BB---,R,B
----RRRR---RRRR.--.RR...-RRR..BB-..BBBB--.BBBB---B.BB---,B,B
----RRRR---RRRR.--.RR...-RRR..BB-.BBBBB--..BBB---B.BB---,R,B
----RRRR---RR.R.--.RRR..-RRR..BB-.BBBBB--..BBB---B.BB---,B,B
----RRRR---RR.R.--.RRR.B-RRR..B.-.BBBBB--..BBB---B.BB---,R,B
----RRRR---.R.R.--RRRR.B-RRR..B.-.BBBBB--..BBB---B.BB---,B,B
----RRRR---.R.R.--RRRR.B-RRR..B.-B.BBBB--..BBB---B.BB---,R,B
----RRRR---..RR.--RRRR.B-RRR..B.-B.BBBB--..BBB---B.BB---,B,B
----RRRR---..RR.--RRRR.B-RRR..B.-B.BBBB--.B.BB---B.BB---,R,B
----RRRR---..RR.--RRR..B-RRRR.B.-B.BBBB--.B.BB---B.BB---,B,B
----RRRR---..RR.--RRR..B-RRRR.B.-B.BBBB--BB.BB---..BB---,R,B
----.RRR---.RRR.--RRR..B-RRRR.B.-B.BBBB--BB.BB---..BB---,B,B
----.RRR---.RRRB--RRR...-RRRR.B.-B.BBBB--BB.BB---..BB---,R,B
----.RRR---.RRRB--RRR...-RRR.RB.-B.BBBB--BB.BB---..BB---,B,B
----.RRR---.RRRB--RRR...-RRRBRB.-B..BBB--BB.BB---..BB---,R,B
----.RRR---.RRRB--RRR...-RR.BRB.-BR.BBB--BB.BB---..BB---,B,B
----.RRR---.RRRB--RRR...-RR.BRB.-BRB.BB--BB.BB---..BB---,R,B
----.RRR---.RRRB--R.R...-RRRBRB.-BRB.BB--BB.BB---..BB---,B,B
----.RRR---.RRRB--R.R...-RRRBRB.-BRB.BB--BB.BB---.B.B---,R,B
----.RRR---.RR.B--R.R.R.-RRRBRB.-BRB.BB--BB.BB---.B.B---,B,B
----.RRR---.RR.B--R.R.R.-RRRBRB.-BRB.BB--BB.BB---.BB.---,R,B
----.RRR---.RR.B--R..RR.-RRRBRB.-BRB.BB--BB.BB---.BB.---,B,B
----.RRR---.RR.B--R..RR.-RRRBRB.-BRBB.B--BB.BB---.BB.---,R,B
----.RRR---..R.B--RR.RR.-RRRBRB.-BRBB.B--BB.BB---.BB.---,B,B
----.RRR---..R.B--RRBRR.-RRR.RB.-BRBB.B--BB.BB---.BB.---,R,B
----.RRR---..R.B--RRBRR.-RRR..B.-BRBBRB--BB.BB---.BB.---,B,B
----.RRR---..R.B--RRBRR.-RRR..B.-BRBBRB--BBBBB---.B..---,R,B
----.RRR---..R.B--RRBRR.-RR.R.B.-BRBBRB--BBBBB---.B..---,B,B
----.RRR---..RB.--RRBRR.-RR.R.B.-BRBBRB--BBBBB---.B..---,R,B
----.RRR---..RB.--RRBR..-RR.RRB.-BRBBRB--BBBBB---.B..---,B,B
----.RRR---.BRB.--RR.R..-RR.RRB.-BRBBRB--BBBBB---.B..---,R,B
----.RRR---.BRB.--RR.R..-R.RRRB.-BRBBRB--BBBBB---.B..---,B,B
----.RRR---.BRB.--RR.R..-R.RRRB.-BRBBRB--BBBBB---B...---,R,B
----.RR.---.BRBR--RR.R..-R.RRRB.-BRBBRB--BBBBB---B...---,B,B
----.RR.---.BRBR--RR.R.B-R.RRR..-BRBBRB--BBBBB---B...---,R,B
----.R.R---.BRBR--RR.R.B-R.RRR..-BRBBRB--BBBBB---B...---,B,B
----.R.R---.BRBR--RR.R.B-RBRRR..-.RBBRB--BBBBB---B...---,R,B
----.R.R---.BRB.--RR.RRB-RBRRR..-.RBBRB--BBBBB---B...---,B,B
----BR.R---..RB.--RR.RRB-RBRRR..-.RBBRB--BBBBB---B...---,R,B
----BR.R---...B.--RRRRRB-RBRRR..-.RBBRB--BBBBB---B...---,B,B
----BR.R---...B.--RRRRRB-RBRRR.B-.RBBR.--BBBBB---B...---,R,B
----BR.R---...B.--RRRRRB-RBRRR.B-.RBB.R--BBBBB---B...---,B,B
----BRBR---.....--RRRRRB-RBRRR.B-.RBB.R--BBBBB---B...---,R,B
----BRB.---....R--RRRRRB-RBRRR.B-.RBB.R--BBBBB---B...---,B,B
----BRB.---....R--RRRRRB-RBRRR.B-.RBBBR--BBBB.---B...---,R,B
----BRB.---....R--RRRRRB-RBRRR.B-.RBBB.--BBBBR---B...---,B,B
----BRB.---....R--RRRRRB-RBRRRBB-.RBB..--BBBBR---B...---,R,B
----BRB.---....R--RRRRRB-.BRRRBB-RRBB..--BBBBR---B...---,B,B
----BRB.---....R--RRRRRB-.BRRRBB-RRBBB.--BBB.R---B...---,R,B
----B.B.---..R.R--RRRRRB-.BRRRBB-RRBBB.--BBB.R---B...---,B,B
----B.B.---..R.R--RRRRRB-B.RRRBB-RRBBB.--BBB.R---B...---,R,B
----B.B.---..R.R--R.RRRB-BRRRRBB-RRBBB.--BBB.R---B...---,B,B
----BB..---..R.R--R.RRRB-BRRRRBB-RRBBB.--BBB.R---B...---,R,B
----RRRR---RRRR.--RRR...-RR...BB-...BBB--.BBBB---BBBB---,B,R
----RRRR---RRRR.--RRR...-RR...BB-...BBB--B.BBB---BBBB---,R,R
----RRRR---RRRR.--RRR...-R.R..BB-...BBB--B.BBB---BBBB---,B,R
----RRRR---RRRR.--RRR...-R.R.BBB-...B.B--B.BBB---BBBB---,R,R
----RRRR---RRRR.--RRR...-R...BBB-.R.B.B--B.BBB---BBBB---,B,R
----RRRR---RRRR.--RRR...-R...BBB-.R.BBB--B.B.B---BBBB---,R,R
----RRRR---RRRR.--RRR...-....BBB-RR.BBB--B.B.B---BBBB---,B,R
----RRRR---RRRR.--RRR...-....BBB-RRB.BB--B.B.B---BBBB---,R,R
----RRRR---RR.R.--RRRR..-....BBB-RRB.BB--B.B.B---BBBB---,B,R
----RRRR---RR.R.--RRRR..-....BBB-RRBB.B--B.B.B---BBBB---,R,R
----RRRR---RR.R.--RRRR..-....BBB-R.BB.B--BRB.B---BBBB---,B,R
----RRRR---RR.R.--RRRR.B-....BB.-R.BB.B--BRB.B---BBBB---,R,R
----RRRR---RR.R.--RRR.RB-....BB.-R.BB.B--BRB.B---BBBB---,B,R
----RRRR---RR.R.--RRR.RB-...B.B.-R.BB.B--BRB.B---BBBB---,R,R
----RRRR---RR.R.--RR..RB-..RB.B.-R.BB.B--BRB.B---BBBB---,B,R
----RRRR---RR.R.--RR..RB-..RB.B.-RB.B.B--BRB.B---BBBB---,R,R
----RRRR---RR.R.--.R..RB-R.RB.B.-RB.B.B--BRB.B---BBBB---,B,R
----RRRR---RR.R.--.R..RB-R.RB.BB-RB.B..--BRB.B---BBBB---,R,R
----RRR.---RR.RR--.R..RB-R.RB.BB-RB.B..--BRB.B---BBBB---,B,R
----RRR.---RR.RR--.R.BRB-R.R..BB-RB.B..--BRB.B---BBBB---,R,R
----R.R.---RRRRR--.R.BRB-R.R..BB-RB.B..--BRB.B---BBBB---,B,R
----R.R.---RRRRR--.R.BRB-R.R..BB-RB.B..--BRBBB---BBB.---,R,R
----R.R.---RR.RR--.RRBRB-R.R..BB-RB.B..--BRBBB---BBB.---,B,R
----R.R.---RR.RR--.RRBRB-R.R..BB-RBB...--BRBBB---BBB.---,R,R
----R.R.---R.RRR--.RRBRB-R.R..BB-RBB...--BRBBB---BBB.---,B,R
----R.R.---R.RRR--.RRBRB-R.RB.BB-RB....--BRBBB---BBB.---,R,R
----R.R.---..RRR--RRRBRB-R.RB.BB-RB....--BRBBB---BBB.---,B,R
----R.R.---..RRR--RRRBRB-R.RB.BB-RB...B--BRBB.---BBB.---,R,R
----R.R.---..RRR--R.RBRB-RRRB.BB-RB...B--BRBB.---BBB.---,B,R
----R.R.---..RRR--R.RBRB-RRRB.BB-RB.B.B--BRB..---BBB.---,R,R
----..R.---.RRRR--R.RBRB-RRRB.BB-RB.B.B--BRB..---BBB.---,B,R
----..R.---.RRRR--R.RBRB-RRRBB.B-RB.B.B--BRB..---BBB.---,R,R
----..R.---.RRRR--.RRBRB-RRRBB.B-RB.B.B--BRB..---BBB.---,B,R
----..R.---.RRRR--.RRBRB-RRRBBB.-RB.B.B--BRB..---BBB.---,R,R
----..R.---.RRRR--.RRBRB-RR.BBB.-RBRB.B--BRB..---BBB.---,B,R
----..R.---.RRRR--.RRBRB-RRBBBB.-R.RB.B--BRB..---BBB.---,R,R
----..R.---.RRRR--.RRBRB-R.BBBB.-RRRB.B--BRB..---BBB.---,B,R
----..R.---.RRRR--.RRBRB-RB.BBB.-RRRB.B--BRB..---BBB.---,R,R
----...R---.RRRR--.RRBRB-RB.BBB.-RRRB.B--BRB..---BBB.---,B,R
----...R---.RRRR--BRRBRB-R..BBB.-RRRB.B--BRB..---BBB.---,R,R
----...R---.RRRR--B.RBRB-R.RBBB.-RRRB.B--BRB..---BBB.---,B,R
----...R---.RRRR--B.RBRB-R.RBBBB-RRRB..--BRB..---BBB.---,R,R
----...R---..RRR--BRRBRB-R.RBBBB-RRRB..--BRB..---BBB.---,B,R
----...R---..RRR--BRRBRB-R.RBBBB-RRRB..--BRBB.---BB..---,R,R
----...R---..RRR--B.RBRB-RRRBBBB-RRRB..--BRBB.---BB..---,B,R
----RRRR---RRRR.--RRR...-RR...BB-...BBB--.BBBB---BBBB---,B,B
----RRRR---RRRR.--RRR...-RR...BB-..BBBB--..BBB---BBBB---,R,B
----RRRR---RRRR.--RRR...-.R...BB-R.BBBB--..BBB---BBBB---,B,B
----RRRR---RRRR.--RRR...-.R...BB-RB.BBB--..BBB---BBBB---,R,B
----RRRR---RRRR.--RRR...-.R...BB-.B.BBB--R.BBB---BBBB---,B,B
----RRRR---RRRR.--RRR..B-.R....B-.B.BBB--R.BBB---BBBB---,R,B
----RRRR---RRR..--RRR.RB-.R....B-.B.BBB--R.BBB---BBBB---,B,B
----RRRR---RRR..--RRR.RB-.R....B-.BBBBB--R..BB---BBBB---,R,B
----RRRR---RRR..--RR.RRB-.R....B-.BBBBB--R..BB---BBBB---,B,B
----RRRR---RRR..--RR.RRB-.R...BB-.BBBB.--R..BB---BBBB---,R,B
----RR.R---RRRR.--RR.RRB-.R...BB-.BBBB.--R..BB---BBBB---,B,B
----RR.R---RRRR.--RR.RRB-.RB..BB-..BBB.--R..BB---BBBB---,R,B
----RR.R---RRRR.--RR.RRB-..B..BB-.RBBB.--R..BB---BBBB---,B,B
----RR.R---RRRR.--RR.RRB-.B...BB-.RBBB.--R..BB---BBBB---,R,B
----RR.R---RRRR.--RR.RRB-.B...BB-..BBB.--RR.BB---BBBB---,B,B
----RR.R---RRRR.--RR.RRB-.B..B.B-..BBB.--RR.BB---BBBB---,R,B
----RR.R---RRRR.--RR.RRB-.B..B.B-..BBB.--R.RBB---BBBB---,B,B
----RR.R---RRRR.--RR.RRB-.B..B.B-..BBBB--R.RB.---BBBB---,R,B
----RR.R---RR.R.--RRRRRB-.B..B.B-..BBBB--R.RB.---BBBB---,B,B
----RR.R---RR.R.--RRRRRB-B...B.B-..BBBB--R.RB.---BBBB---,R,B
----RR.R---RR..R--RRRRRB-B...B.B-..BBBB--R.RB.---BBBB---,B,B
----RR.R---RR..R--RRRRRB-B...B.B-..BBBB--RBRB.---B.BB---,R,B
----RR.R---RR..R--RRRRRB-B...B.B-..BBBB--RB.B.---BRBB---,B,B
----RR.R---RR..R--RRRRRB-B...BBB-..BB.B--RB.B.---BRBB---,R,B
----RR..---RR.RR--RRRRRB-B...BBB-..BB.B--RB.B.---BRBB---,B,B
----RR..---RR.RR--RRRRRB-B...BBB-..BBB.--RB.B.---BRBB---,R,B
----RR..---RR.RR--RR.RRB-B..RBBB-..BBB.--RB.B.---BRBB---,B,B
----RR..---RR.RR--RR.RRB-B.BRBBB-...BB.--RB.B.---BRBB---,R,B
----RR..---RR.RR--R..RRB-BRBRBBB-...BB.--RB.B.---BRBB---,B,B
----RR..---RR.RR--R..RRB-BRBRBBB-...BB.--RBBB.---BR.B---,R,B
----RR..---RR.RR--R..RRB-BRBRBBB-...BB.--RBBB.---B.RB---,B,B
----RR..---RR.RR--R..RRB-BRBRBBB-...BB.--RBBBB---B.R.---,R,B
----RR..---RR.RR--R..RRB-B.BRBBB-R..BB.--RBBBB---B.R.---,B,B
----RR..---RR.RR--R..RRB-BB.RBBB-R..BB.--RBBBB---B.R.---,R,B
----RR..---RR.RR--R..RRB-BB.RBBB-.R.BB.--RBBBB---B.R.---,B,B
----RR..---RR.RR--R..RRB-BB.RBBB-.RBBB.--R.BBB---B.R.---,R,B
----RR..---RR.RR--R..RRB-BB.RBBB-.RBBB.--.RBBB---B.R.---,B,B
----RR..---RR.RR--R..RRB-BB.RBBB-.RBBB.--BRBBB---..R.---,R,B
----RR..---RR.RR--R..RRB-BB.RBBB-.RBBB.--BRBBB---...R---,B,B
----RR..---RR.RR--R..RRB-BB.RBBB-.RBBBB--BRBB.---...R---,R,B
----RR..---R..RR--RR.RRB-BB.RBBB-.RBBBB--BRBB.---...R---,B,B
----RR..---R..RR--RR.RRB-BB.RBBB-BRBBBB--.RBB.---...R---,R,B
----RR..---R..RR--R.RRRB-BB.RBBB-BRBBBB--.RBB.---...R---,B,B
----RR..---R..RR--R.RRRB-BBBRBBB-BR.BBB--.RBB.---...R---,R,B
----R...---RR.RR--R.RRRB-BBBRBBB-BR.BBB--.RBB.---...R---,B,B
----R...---RR.RR--RBRRRB-BB.RBBB-BR.BBB--.RBB.---...R---,R,B
----R...---RR.RR--RB.RRB-BBRRBBB-BR.BBB--.RBB.---...R---,B,B
----R...---RR.RR--RB.RRB-BBRRBBB-BRB.BB--.RBB.---...R---,R,B
----R...---RR.RR--RB.RRB-BBR.BBB-BRBRBB--.RBB.---...R---,B,B
----R...---RR.RR--RB.RRB-BBRB.BB-BRBRBB--.RBB.---...R---,R,B
----R...---RR.RR--RB..RB-BBRBRBB-BRBRBB--.RBB.---...R---,B,B
----R...---RR.RR--RBB.RB-BBR.RBB-BRBRBB--.RBB.---...R---,R,B
----R...---RR.RR--RBB.RB-BB.RRBB-BRBRBB--.RBB.---...R---,B,B
----R...---RR.RR--RBB.RB-BBBRRBB-BR.RBB--.RBB.---...R---,R,B
----.R..---RR.RR--RBB.RB-BBBRRBB-BR.RBB--.RBB.---...R---,B,B
----.R..---RR.RR--RBB.RB-BBBRRBB-BRBRBB--.R.B.---...R---,R,B
----.R..---RR..R--RBBRRB-BBBRRBB-BRBRBB--.R.B.---...R---,B,B
----.R..---RR..R--RBBRRB-BBBRRBB-BRBRBB--.RB..---...R---,R,B
----.R..---RR..R--RBBRRB-BBBRRBB-BRB.BB--.RBR.---...R---,B,B
----.R..---RR..R--RBBRRB-BBBRRBB-BRBB.B--.RBR.---...R---,R,B
----.R..---RR..R--RBBRRB-BBBRRBB-BRBB.B--.RB..---..RR---,B,B
----.R..---RR..R--RBBRRB-BBBRRBB-BRBBB.--.RB..---..RR---,R,B
----..R.---RR..R--RBBRRB-BBBRRBB-BRBBB.--.RB..---..RR---,B,B
----..R.---RRB.R--RB.RRB-BBBRRBB-BRBBB.--.RB..---..RR---,R,B
----..R.---R.B.R--RBRRRB-BBBRRBB-BRBBB.--.RB..---..RR---,B,B
----..R.---RBB.R--R.RRRB-BBBRRBB-BRBBB.--.RB..---..RR---,R,B
----..R.---RBB.R--R.RRRB-BBBRRBB-B.BBB.--RRB..---..RR---,B,B
----..R.---RBB.R--RBRRRB-B.BRRBB-B.BBB.--RRB..---..RR---,R,B
----...R---RBB.R--RBRRRB-B.BRRBB-B.BBB.--RRB..---..RR---,B,B
----..BR---RB..R--RBRRRB-B.BRRBB-B.BBB.--RRB..---..RR---,R,B
----..BR---RB..R--RBRRRB-B.BRRBB-B.BBB.--R.B..---R.RR---,B,B
----..BR---RB..R--RBRRRB-BBBRRBB-..BBB.--R.B..---R.RR---,R,B
----..BR---RB..R--RBRRRB-BBBRRBB-..BBB.--.RB..---R.RR---,B,B
----B.BR---R...R--RBRRRB-BBBRRBB-..BBB.--.RB..---R.RR---,R,B
----B.BR---R...R--RBRRRB-BBBRRBB-..BBB.--..B..---RRRR---,B,B
----B.BR---R...R--RBRRRB-BBBRRBB-.B.BB.--..B..---RRRR---,R,B
----B.BR---.R..R--RBRRRB-BBBRRBB-.B.BB.--..B..---RRRR---,B,B
----B.BR---.R..R--RBRRRB-BBBRRBB-.B.BB.--.B...---RRRR---,R,B
----B.B.---.R.RR--RBRRRB-BBBRRBB-.B.BB.--.B...---RRRR---,B,B
----B.B.---BR.RR--R.RRRB-BBBRRBB-.B.BB.--.B...---RRRR---,R,B
----B.B.---B.RRR--R.RRRB-BBBRRBB-.B.BB.--.B...---RRRR---,B,B
----B.B.---B.RRR--R.RRRB-BBBRRBB-.BB.B.--.B...---RRRR---,R,B
----B.B.---B.RRR--R.RRRB-BBBR.BB-.BBRB.--.B...---RRRR---,B,B
----BB..---B.RRR--R.RRRB-BBBR.BB-.BBRB.--.B...---RRRR---,R,B
----BB..---B.RRR--R.R.RB-BBBRRBB-.BBRB.--.B...---RRRR---,B,B
----BB..---B.RRR--RBR.RB-B.BRRBB-.BBRB.--.B...---RRRR---,R,B
----BB..---B.RRR--.BR.RB-BRBRRBB-.BBRB.--.B...---RRRR---,B,B
----BB..---B.RRR--B.R.RB-BRBRRBB-.BBRB.--.B...---RRRR---,R,B
----BB..---B.R.R--B.RRRB-BRBRRBB-.BBRB.--.B...---RRRR---,B,B
----BB..---B.R.R--B.RRRB-BRBRRBB-B.BRB.--.B...---RRRR---,R,B
----BB..---B.R.R--B.RRRB-BRBRRBB-B.B.B.--.BR..---RRRR---,B,B
----BB..---B.R.R--B.RRRB-BRBRRBB-BB..B.--.BR..---RRRR---,R,B
----BB..---B.R.R--B.RRRB-BRB.RBB-BBR.B.--.BR..---RRRR---,B,B
----BB..---B.R.R--B.RRRB-BRB.RBB-BBR.B.--B.R..---RRRR---,R,B
----BB..---B.R.R--B..RRB-BRBRRBB-BBR.B.--B.R..---RRRR---,B,B
----BB..---B.R.R--B.BRRB-BR.RRBB-BBR.B.--B.R..---RRRR---,R,B
----BB..---B.R.R--B.BRRB-BR.RRBB-BB..B.--BRR..---RRRR---,B,B
----BB..---B.R.R--B.BRRB-BR.RRBB-BB.B..--BRR..---RRRR---,R,B
----BB..---B..RR--B.BRRB-BR.RRBB-BB.B..--BRR..---RRRR---,B,B
----BB..---B..RR--B.BRRB-BR.RRBB-BBB...--BRR..---RRRR---,R,B
----BB..---B..RR--B.BRRB-B.RRRBB-BBB...--BRR..---RRRR---,B,B
----BB..---B..RR--B.BRRB-BBRRRBB-B.B...--BRR..---RRRR---,R,B
----BB..---B..RR--B.BRRB-BB.RRBB-BRB...--BRR..---RRRR---,B,B
----BB..---BB.RR--B..RRB-BB.RRBB-BRB...--BRR..---RRRR---,R,B
----BB..---BB.RR--B..RRB-BB..RBB-BRBR..--BRR..---RRRR---,B,B
----BB..---BB.RR--BB.RRB-B...RBB-BRBR..--BRR..---RRRR---,R,B
----BB..---BB.RR--BB.RRB-B...RBB-BRBR..--BR.R.---RRRR---,B,B
----BB..---BB.RR--BB.RRB-B..BRBB-BR.R..--BR.R.---RRRR---,R,B
----BB..---BB.RR--BB.RRB-B..BRBB-BR.R..--BR..R---RRRR---,B,B
----BB..---BB.RR--BB.RRB-BB.BRBB-.R.R..--BR..R---RRRR---,R,B
----BB..---BB.RR--BB.RRB-BB.BRBB-.R....--BR.RR---RRRR---,B,B
----BB..---BB.RR--BB.RRB-BB.BRBB-BR....--.R.RR---RRRR---,R,B
----BB..---BB.RR--BB.RRB-BB.BRBB-BR....--..RRR---RRRR---,B,B
----BB..---BB.RR--BBBRRB-BB..RBB-BR....--..RRR---RRRR---,R,B
----BB..---BB.RR--BBBRRB-BB...BB-BR.R..--..RRR---RRRR---,B,B
----BB..---BBBRR--BB.RRB-BB...BB-BR.R..--..RRR---RRRR---,R,B
----BB..---BBBRR--BB..RB-BB.R.BB-BR.R..--..RRR---RRRR---,B,B
----BB..---BBBRR--BB..RB-BB.RB.B-BR.R..--..RRR---RRRR---,R,B
----BB..---BBBRR--BB...B-BB.RBRB-BR.R..--..RRR---RRRR---,B,B
----BBB.---BB.RR--BB...B-BB.RBRB-BR.R..--..RRR---RRRR---,R,B
----BBB.---BB.RR--BB...B-BB..BRB-BRRR..--..RRR---RRRR---,B,B
----BBB.---BB.RR--BB.B.B-BB...RB-BRRR..--..RRR---RRRR---,R,B
----BBB.---BB.RR--BB.B.B-BB...RB-B.RR..--R.RRR---RRRR---,B,B
----BBB.---BB.RR--BBB..B-BB...RB-B.RR..--R.RRR---RRRR---,R,B
----BBB.---BB.R.--BBB.RB-BB...RB-B.RR..--R.RRR---RRRR---,B,B
----BBB.---BBBR.--BB..RB-BB...RB-B.RR..--R.RRR---RRRR---,R,B
----BBB.---BBBR.--BB...B-BB..RRB-B.RR..--R.RRR---RRRR---,B,B
----BBB.---BBBRB--BB....-BB..RRB-B.RR..--R.RRR---RRRR---,R,B
----BBB.---BBBRB--BB....-BB...RB-B.RRR.--R.RRR---RRRR---,B,B
----BBBB---BBBR.--BB....-BB...RB-B.RRR.--R.RRR---RRRR---,R,B
----BBBB---BBBR.--BB....-BB...RB-B..RR.--RRRRR---RRRR---,B,B
----BBBB---BBBR.--BB...B-BB...R.-B..RR.--RRRRR---RRRR---,R,B
----BBBB---BBB..--BB..RB-BB...R.-B..RR.--RRRRR---RRRR---,B,B
----BBBB---BBB.B--BB..R.-BB...R.-B..RR.--RRRRR---RRRR---,R,B
----BBBB---BBB.B--BB..R.-BB.....-B..RRR--RRRRR---RRRR---,B,B
----BBBB---BBBB.--BB..R.-BB.....-B..RRR--RRRRR---RRRR---,R,B
----RRRR---RRRR.--RRR...-RR...BB-...BBB--.BBBB---BBBB---,B,R
----RRRR---RRRR.--RRR...-RR..BBB-...B.B--.BBBB---BBBB---,R,R
----RRRR---RR.R.--RRRR..-RR..BBB-...B.B--.BBBB---BBBB---,B,R
----RRRR---RR.R.--RRRRB.-RR...BB-...B.B--.BBBB---BBBB---,R,R
----RRRR---RR.R.--R.RRB.-RRR..BB-...B.B--.BBBB---BBBB---,B,R
----RRRR---RR.R.--R.RRB.-RRR..BB-...BBB--.BBB.---BBBB---,R,R
----RRRR---RR.R.--R..RB.-RRRR.BB-...BBB--.BBB.---BBBB---,B,R
----RRRR---RR.R.--R..RB.-RRRRBBB-....BB--.BBB.---BBBB---,R,R
----RRRR---.R.R.--RR.RB.-RRRRBBB-....BB--.BBB.---BBBB---,B,R
----RRRR---.R.R.--RR.RB.-RRRRBBB-.B..BB--..BB.---BBBB---,R,R
----.RRR---RR.R.--RR.RB.-RRRRBBB-.B..BB--..BB.---BBBB---,B,R
----.RRR---RR.R.--RR.RBB-RRRRB.B-.B..BB--..BB.---BBBB---,R,R
----.RRR---RR..R--RR.RBB-RRRRB.B-.B..BB--..BB.---BBBB---,B,R
----.RRR---RR..R--RR.RBB-RRRRB.B-.B..BB--B.BB.---.BBB---,R,R
----.RRR---RR..R--R.RRBB-RRRRB.B-.B..BB--B.BB.---.BBB---,B,R
----.RRR---RR..R--R.RRBB-RRRRB.B-.B.BBB--B.B..---.BBB---,R,R
----.RRR---RR..R--.RRRBB-RRRRB.B-.B.BBB--B.B..---.BBB---,B,R
----.RRR---RR..R--.RRRBB-RRRRB.B-.B.BBB--B.B..---B.BB---,R,R
----.RRR---RR..R--.RRRBB-RR.RB.B-.BRBBB--B.B..---B.BB---,B,R
----.RRR---RR..R--.RRRBB-RR.RB.B-.BRBBB--BBB..---..BB---,R,R
----.RRR---.R..R--RRRRBB-RR.RB.B-.BRBBB--BBB..---..BB---,B,R
----.RRR---.R..R--RRRRBB-RR.RBBB-.BRB.B--BBB..---..BB---,R,R
----.RRR---.R..R--R.RRBB-RRRRBBB-.BRB.B--BBB..---..BB---,B,R
----.RRR---.R..R--R.RRBB-RRRRBBB-.BRB.B--BBBB.---...B---,R,R
----.RRR---.R..R--R.RRBB-R.RRBBB-RBRB.B--BBBB.---...B---,B,R
----.RRR---.R..R--R.RRBB-R.RRBBB-RBRBBB--BBB..---...B---,R,R
----.RRR---..R.R--R.RRBB-R.RRBBB-RBRBBB--BBB..---...B---,B,R
----.RRR---..R.R--R.RRBB-RBRRBBB-R.RBBB--BBB..---...B---,R,R
----..RR---.RR.R--R.RRBB-RBRRBBB-R.RBBB--BBB..---...B---,B,R
----..RR---.RRBR--R.RR.B-RBRRBBB-R.RBBB--BBB..---...B---,R,R
----..RR---.RRBR--R.R.RB-RBRRBBB-R.RBBB--BBB..---...B---,B,R
----..RR---.RRBR--R.R.RB-RBRRBBB-RBRBBB--.BB..---...B---,R,R
----..RR---.RRBR--.RR.RB-RBRRBBB-RBRBBB--.BB..---...B---,B,R
----..RR---.RRBR--.RRBRB-RBRR.BB-RBRBBB--.BB..---...B---,R,R
----..RR---.RRBR--.RRBRB-RBR.RBB-RBRBBB--.BB..---...B---,B,R
----..RR---.RRBR--.RRBRB-RBR.RBB-RBRBBB--.BB.B---....---,R,R
----..RR---.RRBR--.RRBRB-RB.RRBB-RBRBBB--.BB.B---....---,B,R
----..RR---.RRBR--BRRBRB-R..RRBB-RBRBBB--.BB.B---....---,R,R
----..RR---.RRBR--BRRBRB-.R.RRBB-RBRBBB--.BB.B---....---,B,R
----..RR---BRRBR--.RRBRB-.R.RRBB-RBRBBB--.BB.B---....---,R,R
----..RR---BRRBR--.RRBRB-.R.RRBB-.BRBBB--RBB.B---....---,B,R
----..RR---BRRBR--.RRBRB-.R.RRBB-.BRBBB--RBBB.---....---,R,R
----..RR---BRRBR--.RRBRB-.R.RRBB-.BRBBB--.BBB.---R...---,B,R
----..RR---BRRBR--.RRBRB-.R.RRBB-.BRBBB--B.BB.---R...---,R,R
----..RR---BRRBR--..RBRB-.RRRRBB-.BRBBB--B.BB.---R...---,B,R
----..RR---BRRBR--..RBRB-.RRRRBB-B.RBBB--B.BB.---R...---,R,R
----..RR---BRRBR--..RBRB-.RRRRBB-B..BBB--BRBB.---R...---,B,R
----..RR---BRRBR--..RBRB-BRRRRBB-...BBB--BRBB.---R...---,R,R
----..RR---BRRBR--..RBRB-BR.RRBB-.R.BBB--BRBB.---R...---,B,R
----..RR---BRRBR--..RBRB-BR.RRBB-BR.BBB--.RBB.---R...---,R,R
----..RR---BRRBR--...BRB-BRRRRBB-BR.BBB--.RBB.---R...---,B,R
----..RR---BRRBR--...BRB-BRRRRBB-BRBBBB--.R.B.---R...---,R,R
----..RR---BRRBR--...BRB-BRRRRBB-BRBBBB--.R.B.---.R..---,B,R
----B.RR---.RRBR--...BRB-BRRRRBB-BRBBBB--.R.B.---.R..---,R,R
----B.RR---.RRBR--...BRB-BRRRRBB-B.BBBB--RR.B.---.R..---,B,R
----B.RR---.RRBR--...BRB-BRRRRBB-BB.BBB--RR.B.---.R..---,R,R
----B.RR---.RRBR--...BRB-BRRRRBB-BB.BBB--R.RB.---.R..---,B,R
----B.RR---.RRBR--...BRB-BRRRRBB-BBB.BB--R.RB.---.R..---,R,R
----B.RR---.R.BR--..RBRB-BRRRRBB-BBB.BB--R.RB.---.R..---,B,R
----B.RR---.R.BR--..RBRB-BRRRRBB-BBBB.B--R.RB.---.R..---,R,R
----B.RR---.R.BR--..RBRB-BRRR.BB-BBBBRB--R.RB.---.R..---,B,R
----B.RR---.RB.R--..RBRB-BRRR.BB-BBBBRB--R.RB.---.R..---,R,R
----B.RR---.RB.R--..RB.B-BRRRRBB-BBBBRB--R.RB.---.R..---,B,R
----B.RR---.RB.R--..RBBB-BRRRR.B-BBBBRB--R.RB.---.R..---,R,R
----B.RR---.RB.R--..RBBB-BRRRR.B-BBBBRB--R..B.---.RR.---,B,R
----B.RR---.RB.R--B.RBBB-.RRRR.B-BBBBRB--R..B.---.RR.---,R,R
----B.RR---.RB.R--B.RBBB-.RRR.RB-BBBBRB--R..B.---.RR.---,B,R
----B.RR---.RBBR--B.R.BB-.RRR.RB-BBBBRB--R..B.---.RR.---,R,R
----B.RR---.RBBR--B..RBB-.RRR.RB-BBBBRB--R..B.---.RR.---,B,R
----B.RR---.RBBR--B..RBB-BRRR.RB-.BBBRB--R..B.---.RR.---,R,R
----B.RR---.RBBR--B..RBB-BRRR.RB-.BBBRB--...B.---RRR.---,B,R
----B.RR---BRBBR--...RBB-BRRR.RB-.BBBRB--...B.---RRR.---,R,R
----B.RR---BRBBR--...RBB-B.RR.RB-RBBBRB--...B.---RRR.---,B,R
----B.RR---BRBBR--...RBB-B.RR.RB-RBBBRB--..B..---RRR.---,R,R
----B.RR---B.BBR--.R.RBB-B.RR.RB-RBBBRB--..B..---RRR.---,B,R
----B.RR---B.BBR--.R.RBB-BBRR.RB-R.BBRB--..B..---RRR.---,R,R
----B.RR---B.BBR--.R.RBB-BBRR.RB-.RBBRB--..B..---RRR.---,B,R
----B.RR---B.BBR--.R.RBB-BBRRBRB-.RB.RB--..B..---RRR.---,R,R
----B.RR---B.BBR--.R.RBB-BBRRBRB-.RB..B--..BR.---RRR.---,B,R
----BBRR---B..BR--.R.RBB-BBRRBRB-.RB..B--..BR.---RRR.---,R,R
----BBRR---B..BR--.R.RBB-BBRRBRB-.RB..B--..BR.---RR.R---,B,R
----BBRR---B..BR--BR.RBB-.BRRBRB-.RB..B--..BR.---RR.R---,R,R
----BBRR---B..BR--BR.RBB-.BRRBRB-.RB..B--..BR.---R.RR---,B,R
----BBRR---B..BR--BR.RBB-.BRRBRB-.RB.B.--..BR.---R.RR---,R,R
----BBRR---B..BR--BR.RBB-.BR.BRB-.RBRB.--..BR.---R.RR---,B,R
----BBRR---B..BR--BR.RBB-.BRBBRB-.R.RB.--..BR.---R.RR---,R,R
----BBRR---B..BR--BR.RBB-.BRBBRB-..RRB.--..BR.---R.RR---,B,R
----BBRR---B..BR--BR.RBB-B.RBBRB-..RRB.--..BR.---R.RR---,R,R
----BBRR---B..BR--BR.RBB-B.RBBRB-...RB.--.RBR.---R.RR---,B,R
----BBRR---B..BR--BR.RBB-B.RBBRB-..BRB.--.R.R.---R.RR---,R,R
----BBRR---B..BR--BR.RBB-B..BBRB-.RBRB.--.R.R.---R.RR---,B,R
----BBRR---B..BR--BRBRBB-B...BRB-.RBRB.--.R.R.---R.RR---,R,R
----BBRR---B..BR--BRBRBB-B...BRB-.RBRB.--.R.R.---.RRR---,B,R
----BBRR---B..BR--BRBRBB-B.B.BRB-.R.RB.--.R.R.---.RRR---,R,R
----BB.R---B.RBR--BRBRBB-B.B.BRB-.R.RB.--.R.R.---.RRR---,B,R
----BB.R---B.RBR--BRBRBB-BB..BRB-.R.RB.--.R.R.---.RRR---,R,R
----BB.R---B.RBR--BRBRBB-BB..B.B-.R.RBR--.R.R.---.RRR---,B,R
----BB.R---B.RBR--BRBRBB-BB..BBB-.R.R.R--.R.R.---.RRR---,R,R
----BB.R---B.RBR--B.BRBB-BBR.BBB-.R.R.R--.R.R.---.RRR---,B,R
----BBBR---B.R.R--B.BRBB-BBR.BBB-.R.R.R--.R.R.---.RRR---,R,R
----BBBR---B.R.R--B.BRBB-BBR.BBB-...R.R--RR.R.---.RRR---,B,R
----BBBR---B.R.R--B.BRBB-BBRB.BB-...R.R--RR.R.---.RRR---,R,R
----BBB.---B.RRR--B.BRBB-BBRB.BB-...R.R--RR.R.---.RRR---,B,R
----BBB.---BBRRR--B..RBB-BBRB.BB-...R.R--RR.R.---.RRR---,R,R
----BBB.---BBRRR--B..RBB-BBRB.BB-...R.R--RR..R---.RRR---,B,R
----BBB.---BBRRR--B.BRBB-BBR..BB-...R.R--RR..R---.RRR---,R,R
----BBB.---BBRRR--B.BRBB-BB...BB-..RR.R--RR..R---.RRR---,B,R
----BBB.---BBRRR--BBBRBB-B....BB-..RR.R--RR..R---.RRR---,R,R
----BBB.---BBRRR--BBB.BB-B...RBB-..RR.R--RR..R---.RRR---,B,R
----BBB.---BBRRR--BBBB.B-B...RBB-..RR.R--RR..R---.RRR---,R,R
----BBB.---BBRRR--BBBB.B-B...RBB-...R.R--RRR.R---.RRR---,B,R
----BBB.---BBRRR--BBBBBB-B...R.B-...R.R--RRR.R---.RRR---,R,R
----BBB.---BBRRR--BBBBBB-B.....B-...RRR--RRR.R---.RRR---,B,R
----BBB.---BBRRR--BBBBBB-B....B.-...RRR--RRR.R---.RRR---,R,R
----BBB.---BBRRR--BBBBBB-B....B.-....RR--RRRRR---.RRR---,B,R
----BBB.---BBRRR--BBBBBB-B...B..-....RR--RRRRR---.RRR---,R,R
----BBB.---BBRRR--BBBBBB-B...B..-....RR--.RRRR---RRRR---,B,R
----RRRR---RRRR.--RRR...-RR...BB-...BBB--.BBBB---BBBB---,B,B
----RRRR---RRRR.--RRR...-RR...BB-..BBBB--..BBB---BBBB---,R,B
----RRRR---RRRR.--RRR...-R.R..BB-..BBBB--..BBB---BBBB---,B,B
----RRRR---RRRR.--RRR...-R.RB.BB-...BBB--..BBB---BBBB---,R,B
----RRRR---RRRR.--RRR...-..RB.BB-R..BBB--..BBB---BBBB---,B,B
----RRRR---RRRR.--RRR...-..RBBBB-R...BB--..BBB---BBBB---,R,B
----RRRR---RRRR.--RRR...-..RBBBB-....BB--R.BBB---BBBB---,B,B
----RRRR---RRRR.--RRR...-..RBBBB-....BB--RBBBB---.BBB---,R,B
----RRRR---RRRR.--.RR...-.RRBBBB-....BB--RBBBB---.BBB---,B,B
----RRRR---RRRR.--.RR...-.RRBBBB-...BBB--RBB.B---.BBB---,R,B
----RRRR---.RRR.--RRR...-.RRBBBB-...BBB--RBB.B---.BBB---,B,B
----RRRR---.RRR.--RRR...-.RRBBBB-...BBB--RBBBB---.BB.---,R,B
----RRRR---.RRR.--RRR...-..RBBBB-.R.BBB--RBBBB---.BB.---,B,B
----RRRR---.RRR.--RRR...-..RBBBB-.R.BBB--RBBBB---B.B.---,R,B
----RRRR---.RRR.--RR.R..-..RBBBB-.R.BBB--RBBBB---B.B.---,B,B
----RRRR---.RRR.--RR.R.B-..RBBB.-.R.BBB--RBBBB---B.B.---,R,B
----RRRR---.RRR.--R.RR.B-..RBBB.-.R.BBB--RBBBB---B.B.---,B,B
----RRRR---.RRR.--R.RRBB-..RBB..-.R.BBB--RBBBB---B.B.---,R,B
----RRRR---.RRR.--..RRBB-.RRBB..-.R.BBB--RBBBB---B.B.---,B,B
----RRRR---.RRR.--..RRBB-.RRBB..-.R.BBB--RBBBB---BB..---,R,B
----RRRR---.RR.R--..RRBB-.RRBB..-.R.BBB--RBBBB---BB..---,B,B
----RRRR---.RR.R--..RRBB-.RRBB..-.RBBBB--RB.BB---BB..---,R,B
----.RRR---RRR.R--..RRBB-.RRBB..-.RBBBB--RB.BB---BB..---,B,B
----.RRR---RRR.R--..RRBB-.RRBBB.-.RBB.B--RB.BB---BB..---,R,B
----.RRR---RR.RR--..RRBB-.RRBBB.-.RBB.B--RB.BB---BB..---,B,B
----.RRR---RR.RR--..RRBB-.RRBBB.-.RBB.B--RBBBB---B...---,R,B
----.RRR---R.RRR--..RRBB-.RRBBB.-.RBB.B--RBBBB---B...---,B,B
----.RRR---R.RRR--..RRBB-.RRBBB.-.RBBBB--RBBB.---B...---,R,B
----.RRR---..RRR--R.RRBB-.RRBBB.-.RBBBB--RBBB.---B...---,B,B
----.RRR---..RRR--R.RRBB-.RRBBBB-.RBBB.--RBBB.---B...---,R,B
----RRRR---RRRR.--RRR...-RR...BB-...BBB--.BBBB---BBBB---,B,B
----RRRR---RRRR.--RRR..B-RR...B.-...BBB--.BBBB---BBBB---,R,B
----RRRR---RRRR.--RR...B-RR.R.B.-...BBB--.BBBB---BBBB---,B,B
----RRRR---RRRR.--RR...B-RR.R.BB-...BB.--.BBBB---BBBB---,R,B
----RRRR---RRRR.--R....B-RRRR.BB-...BB.--.BBBB---BBBB---,B,B
----RRRR---RRRR.--R....B-RRRRBBB-....B.--.BBBB---BBBB---,R,B
----RRRR---R.RR.--R.R..B-RRRRBBB-....B.--.BBBB---BBBB---,B,B
----RRRR---R.RR.--R.R..B-RRRRBBB-...B..--.BBBB---BBBB---,R,B
----RRR.---R.RRR--R.R..B-RRRRBBB-...B..--.BBBB---BBBB---,B,B
----RRR.---R.RRR--R.R..B-RRRRBBB-..B...--.BBBB---BBBB---,R,B
----RRR.---R.RRR--R.R..B-RR.RBBB-.RB...--.BBBB---BBBB---,B,B
----RRR.---R.RRR--R.R.B.-RR.RBBB-.RB...--.BBBB---BBBB---,R,B
----RR.R---R.RRR--R.R.B.-RR.RBBB-.RB...--.BBBB---BBBB---,B,B
----RR.R---R.RRR--R.R.B.-RR.RBBB-.RBB..--.B.BB---BBBB---,R,B
----RR.R---R..RR--R.RRB.-RR.RBBB-.RBB..--.B.BB---BBBB---,B,B
----RR.R---R..RR--R.RRB.-RR.RBBB-.RBB..--.BBBB---B.BB---,R,B
----.R.R---RR.RR--R.RRB.-RR.RBBB-.RBB..--.BBBB---B.BB---,B,B
----.R.R---RR.RR--R.RRB.-RR.RBBB-.RBB..--BBBBB---..BB---,R,B
----.R.R---RR.RR--R..RB.-RRRRBBB-.RBB..--BBBBB---..BB---,B,B
----.R.R---RR.RR--R..RB.-RRRRBBB-.RBB..--BBBBB---.B.B---,R,B
----.R.R---.R.RR--RR.RB.-RRRRBBB-.RBB..--BBBBB---.B.B---,B,B
----.R.R---.R.RR--RR.RBB-RRRRB.B-.RBB..--BBBBB---.B.B---,R,B
----...R---.RRRR--RR.RBB-RRRRB.B-.RBB..--BBBBB---.B.B---,B,B
----...R---.RRRR--RR.RBB-RRRRB.B-BRBB..--.BBBB---.B.B---,R,B
----...R---.R.RR--RRRRBB-RRRRB.B-BRBB..--.BBBB---.B.B---,B,B
----...R---.R.RR--RRRRBB-RRRRB.B-BRBB..--.BBBB---B..B---,R,B
----...R---..RRR--RRRRBB-RRRRB.B-BRBB..--.BBBB---B..B---,B,B
----...R---..RRR--RRRRBB-RRRRB.B-BRBB..--B.BBB---B..B---,R,B
----...R---..RRR--RRRRBB-RRRRB.B-B.BB..--BRBBB---B..B---,B,B
----...R---..RRR--RRRRBB-RRRRB.B-BB.B..--BRBBB---B..B---,R,B
----...R---..RRR--RRRRBB-RRRRB.B-BB.B..--B.BBB---BR.B---,B,B
----...R---..RRR--RRRRBB-RRRRB.B-BB.BB.--B.B.B---BR.B---,R,B
----...R---..RRR--RRRRBB-RRR.B.B-BBRBB.--B.B.B---BR.B---,B,B
----...R---..RRR--RRRRBB-RRRBB.B-BBR.B.--B.B.B---BR.B---,R,B
----...R---..RRR--RRRRBB-RRRBB.B-BB..B.--BRB.B---BR.B---,B,B
----...R---..RRR--RRRRBB-RRRBB.B-BB..B.--BRB.B---BRB.---,R,B
----...R---..RRR--RRRRBB-RR.BB.B-BBR.B.--BRB.B---BRB.---,B,B
----...R---..RRR--RRRRBB-RR.BB.B-BBR.B.--BRBBB---BR..---,R,B
----...R---..RRR--R.RRBB-RRRBB.B-BBR.B.--BRBBB---BR..---,B,B
----...R---..RRR--R.RRBB-RRRBB.B-BBRBB.--BRB.B---BR..---,R,B
----...R---..RRR--R.RRBB-RRRBB.B-BBRBB.--BRB.B---B.R.---,B,B
----...R---..RRR--R.RRBB-RRRBBBB-BBRB..--BRB.B---B.R.---,R,B
----...R---..RRR--R.RRBB-RRRBBBB-BBRB..--B.B.B---BRR.---,B,B
----...R---..RRR--R.RRBB-RRRBBBB-BBRB..--BB..B---BRR.---,R,B
----...R---..RRR--.RRRBB-RRRBBBB-BBRB..--BB..B---BRR.---,B,B
----...R---..RRR--.RRRBB-RRRBBBB-BBRB..--BB.B.---BRR.---,R,B
----...R---..RRR--.RRRBB-RRRBBBB-BB.B..--BBRB.---BRR.---,B,B
----...R---..RRR--.RRRBB-RRRBBBB-BBB...--BBRB.---BRR.---,R,B
----...R---..RRR--.RRRBB-RRRBBBB-BBB...--BBRB.---BR.R---,B,B
----...R---..RRR--.RRRBB-RRRBBBB-BBB.B.--BBR..---BR.R---,R,B
----...R---..RRR--.RRRBB-RRRBBBB-BBB.B.--BB.R.---BR.R---,B,B
----...R---..RRR--.RRRBB-RRRBBBB-BBBB..--BB.R.---BR.R---,R,B
----RRRR---RRRR.--RRR...-RR...BB-...BBB--.BBBB---BBBB---,B,R
----RRRR---RRRR.--RRR...-RR..BBB-...B.B--.BBBB---BBBB---,R,R
----RRRR---RRRR.--R.R...-RRR.BBB-...B.B--.BBBB---BBBB---,B,R
----RRRR---RRRR.--R.R.B.-RRR..BB-...B.B--.BBBB---BBBB---,R,R
----RRRR---RRRR.--R..RB.-RRR..BB-...B.B--.BBBB---BBBB---,B,R
----RRRR---RRRR.--R..RBB-RRR..B.-...B.B--.BBBB---BBBB---,R,R
----RRRR---RRRR.--.R.RBB-RRR..B.-...B.B--.BBBB---BBBB---,B,R
----RRRR---RRRR.--.R.RBB-RRR..B.-..B..B--.BBBB---BBBB---,R,R
----RRRR---RRRR.--.R.RBB-.RR..B.-R.B..B--.BBBB---BBBB---,B,R
----RRRR---RRRR.--.R.RBB-.RR..B.-R.BB.B--.B.BB---BBBB---,R,R
----RRRR---RRR.R--.R.RBB-.RR..B.-R.BB.B--.B.BB---BBBB---,B,R
----RRRR---RRR.R--.R.RBB-.RR..B.-RBBB.B--...BB---BBBB---,R,R
----RR.R---RRRRR--.R.RBB-.RR..B.-RBBB.B--...BB---BBBB---,B,R
----RR.R---RRRRR--.R.RBB-.RR..B.-RBBBBB--....B---BBBB---,R,R
----RR.R---.RRRR--RR.RBB-.RR..B.-RBBBBB--....B---BBBB---,B,R
----RR.R---.RRRR--RR.RBB-.RR..B.-RBBBBB--.B..B---B.BB---,R,R
----RR.R---.RRRR--.R.RBB-RRR..B.-RBBBBB--.B..B---B.BB---,B,R
----RR.R---.RRRR--.R.RBB-RRR..B.-RBBBBB--.BB.B---B..B---,R,R
----RR.R---.RRRR--..RRBB-RRR..B.-RBBBBB--.BB.B---B..B---,B,R
----RR.R---.RRRR--..RRBB-RRR..BB-RBBBB.--.BB.B---B..B---,R,R
----RR.R---.RRRR--..RRBB-RR.R.BB-RBBBB.--.BB.B---B..B---,B,R
----RR.R---.RRRR--..RRBB-RR.RB.B-RBBBB.--.BB.B---B..B---,R,R
----RR.R---.RRRR--..RRBB-R.RRB.B-RBBBB.--.BB.B---B..B---,B,R
----RR.R---.RRRR--..RRBB-R.RRB.B-RBBBB.--.BBB.---B..B---,R,R
----.R.R---RRRRR--..RRBB-R.RRB.B-RBBBB.--.BBB.---B..B---,B,R
----.R.R---RRRRR--..RRBB-R.RRB.B-RBBBB.--B.BB.---B..B---,R,R
----..RR---RRRRR--..RRBB-R.RRB.B-RBBBB.--B.BB.---B..B---,B,R
----..RR---RRRRR--..RRBB-R.RRB.B-RBBBB.--BB.B.---B..B---,R,R
----..RR---R.RRR--.RRRBB-R.RRB.B-RBBBB.--BB.B.---B..B---,B,R
----..RR---R.RRR--.RRRBB-RBRRB.B-R.BBB.--BB.B.---B..B---,R,R
----..RR---..RRR--RRRRBB-RBRRB.B-R.BBB.--BB.B.---B..B---,B,R
----..RR---..RRR--RRRRBB-RBRRB.B-RBBBB.--.B.B.---B..B---,R,R
----..RR---..RRR--RRRRBB-RBRRB.B-.BBBB.--RB.B.---B..B---,B,R
----..RR---..RRR--RRRRBB-RBRRB.B-.BBBB.--RBB..---B..B---,R,R
----..RR---..RRR--RRRRBB-.BRRB.B-RBBBB.--RBB..---B..B---,B,R
----..RR---..RRR--RRRRBB-.BRRBBB-RBBB..--RBB..---B..B---,R,R
----..RR---..RRR--.RRRBB-RBRRBBB-RBBB..--RBB..---B..B---,B,R
----RRRR---RRRR.--RRR...-RR...BB-...BBB--.BBBB---BBBB---,B,R
----RRRR---RRRR.--RRR...-RR..B.B-...BBB--.BBBB---BBBB---,R,R
----RRRR---RRRR.--RR.R..-RR..B.B-...BBB--.BBBB---BBBB---,B,R
----RRRR---RRRR.--RR.R..-RR.B..B-...BBB--.BBBB---BBBB---,R,R
----RRRR---R.RR.--RRRR..-RR.B..B-...BBB--.BBBB---BBBB---,B,R
----RRRR---R.RR.--RRRR..-RR.B..B-..BBBB--..BBB---BBBB---,R,R
----RRRR---R.RR.--RRRR..-R..B..B-.RBBBB--..BBB---BBBB---,B,R
----RRRR---R.RR.--RRRR..-R..B.B.-.RBBBB--..BBB---BBBB---,R,R
----RRRR---.RRR.--RRRR..-R..B.B.-.RBBBB--..BBB---BBBB---,B,R
----RRRR---.RRR.--RRRR..-R..B.B.-.RBBBB--.BBBB---.BBB---,R,R
----RRR.---.RRRR--RRRR..-R..B.B.-.RBBBB--.BBBB---.BBB---,B,R
----RRR.---.RRRR--RRRR..-R.BB.B.-.R.BBB--.BBBB---.BBB---,R,R
----RRR.---.RRRR--RRRR..-..BB.B.-RR.BBB--.BBBB---.BBB---,B,R
----RRR.---.RRRR--RRRR..-..BB.B.-RRB.BB--.BBBB---.BBB---,R,R
----RRR.---.RR.R--RRRRR.-..BB.B.-RRB.BB--.BBBB---.BBB---,B,R
----RRR.---.RR.R--RRRRR.-..BB.B.-RRBBBB--.BB.B---.BBB---,R,R
----.RR.---RRR.R--RRRRR.-..BB.B.-RRBBBB--.BB.B---.BBB---,B,R
----.RR.---RRR.R--RRRRR.-..BB.B.-RRBBBB--.BB.B---B.BB---,R,R
----.RR.---RRR.R--R.RRR.-.RBB.B.-RRBBBB--.BB.B---B.BB---,B,R
----.RR.---RRR.R--R.RRR.-.RBB.B.-RRBBBB--B.B.B---B.BB---,R,R
----.RR.---.RR.R--RRRRR.-.RBB.B.-RRBBBB--B.B.B---B.BB---,B,R
----.RR.---.RR.R--RRRRR.-.RBB.B.-RRBBBB--BB..B---B.BB---,R,R
----.RR.---.RR.R--RRR.R.-.RBBRB.-RRBBBB--BB..B---B.BB---,B,R
----.RR.---.RR.R--RRR.RB-.RBBR..-RRBBBB--BB..B---B.BB---,R,R
----.RR.---.RR.R--.RR.RB-RRBBR..-RRBBBB--BB..B---B.BB---,B,R
----.RR.---.RR.R--.RR.RB-RRBBR..-RRBBBB--BB.B.---B.BB---,R,R
----.RR.---.RR.R--.RR.RB-RRBB.R.-RRBBBB--BB.B.---B.BB---,B,R
----.RR.---.RR.R--.RR.RB-RRBBBR.-RRBB.B--BB.B.---B.BB---,R,R
----.RR.---.RR.R--.RR.RB-RRBBB.R-RRBB.B--BB.B.---B.BB---,B,R
----.RR.---.RR.R--.RR.RB-RRBBB.R-RRBB.B--BBB..---B.BB---,R,R
----.RR.---.RR.R--.R.RRB-RRBBB.R-RRBB.B--BBB..---B.BB---,B,R
----.RR.---.RR.R--.RBRRB-RRB.B.R-RRBB.B--BBB..---B.BB---,R,R
----.RR.---.RR.R--.RB.RB-RRBRB.R-RRBB.B--BBB..---B.BB---,B,R
----.RR.---.RR.R--.RB.RB-RRBRB.R-RRBBB.--BBB..---B.BB---,R,R
----.RR.---.RR.R--.RB..B-RRBRBRR-RRBBB.--BBB..---B.BB---,B,R
----.RR.---.RR.R--.RB..B-RRBRBRR-RRBBB.--BBBB.---B.B.---,R,R
----.RR.---.R..R--.RBR.B-RRBRBRR-RRBBB.--BBBB.---B.B.---,B,R
----.RR.---.RB.R--.R.R.B-RRBRBRR-RRBBB.--BBBB.---B.B.---,R,R
----.RR.---.RB..--.R.RRB-RRBRBRR-RRBBB.--BBBB.---B.B.---,B,R
----.RR.---.RB..--.R.RRB-RRBRBRR-RRBBB.--BBBB.---BB..---,R,R
----.RR.---.RB..--.R.RRB-RRBRB.R-RRBBBR--BBBB.---BB..---,B,R
----.RR.---.RB..--.RBRRB-RR.RB.R-RRBBBR--BBBB.---BB..---,R,R
----.RR.---.RB..--.RBRRB-RR.RB.R-RRBBB.--BBBBR---BB..---,B,R
----.RR.---.RB.B--.RBRR.-RR.RB.R-RRBBB.--BBBBR---BB..---,R,R
----.RR.---.RB.B--.RBRR.-RR.RB..-RRBBBR--BBBBR---BB..---,B,R
----.RR.---.RBB.--.RBRR.-RR.RB..-RRBBBR--BBBBR---BB..---,R,R
----.RR.---.RBB.--.RBRR.-R.RRB..-RRBBBR--BBBBR---BB..---,B,R
----.RR.---.RBB.--.RBRR.-R.RRBB.-RRBB.R--BBBBR---BB..---,R,R
----.RR.---.RBB.--..BRR.-RRRRBB.-RRBB.R--BBBBR---BB..---,B,R
----.RR.---.RBB.--.B.RR.-RRRRBB.-RRBB.R--BBBBR---BB..---,R,R
----.RR.---.RBB.--.B.RR.-RRRRBB.-RRBB.R--BBBB.---BB.R---,B,R
----.RRB---.RB..--.B.RR.-RRRRBB.-RRBB.R--BBBB.---BB.R---,R,R
----.RRB---.RB..--.B.R.R-RRRRBB.-RRBB.R--BBBB.---BB.R---,B,R
----.RRB---.RB..--.B.RBR-RRRR.B.-RRBB.R--BBBB.---BB.R---,R,R
----.RRB---.RB..--.B.RBR-RRR.RB.-RRBB.R--BBBB.---BB.R---,B,R
----.RRB---.RB..--.B.RBR-RRR.RB.-RRBBBR--BBB..---BB.R---,R,R
----.RRB---..B..--.BRRBR-RRR.RB.-RRBBBR--BBB..---BB.R---,B,R
----.RRB---B.B..--..RRBR-RRR.RB.-RRBBBR--BBB..---BB.R---,R,R
----.RRB---B.B..--..RRBR-RR.RRB.-RRBBBR--BBB..---BB.R---,B,R
----BRRB---..B..--..RRBR-RR.RRB.-RRBBBR--BBB..---BB.R---,R,R
----BRRB---..B..--...RBR-RRRRRB.-RRBBBR--BBB..---BB.R---,B,R
----BRRB---.B...--...RBR-RRRRRB.-RRBBBR--BBB..---BB.R---,R,R
----BR.B---.BR..--...RBR-RRRRRB.-RRBBBR--BBB..---BB.R---,B,R
----BRB.---.BR..--...RBR-RRRRRB.-RRBBBR--BBB..---BB.R---,R,R
----BRB.---.B.R.--...RBR-RRRRRB.-RRBBBR--BBB..---BB.R---,B,R
----BRB.---B..R.--...RBR-RRRRRB.-RRBBBR--BBB..---BB.R---,R,R
----BRB.---B...R--...RBR-RRRRRB.-RRBBBR--BBB..---BB.R---,B,R
----BRB.---B..BR--...R.R-RRRRRB.-RRBBBR--BBB..---BB.R---,R,R
----BRB.---B..BR--....RR-RRRRRB.-RRBBBR--BBB..---BB.R---,B,R
----BRB.---B.B.R--....RR-RRRRRB.-RRBBBR--BBB..---BB.R---,R,R
----BRB.---B.B.R--....R.-RRRRRBR-RRBBBR--BBB..---BB.R---,B,R
----BRB.---BB..R--....R.-RRRRRBR-RRBBBR--BBB..---BB.R---,R,R
----BRB.---BB..R--.....R-RRRRRBR-RRBBBR--BBB..---BB.R---,B,R
----BRB.---BB..R--....BR-RRRRR.R-RRBBBR--BBB..---BB.R---,R,R
----BRB.---BB..R--....BR-RRRR.RR-RRBBBR--BBB..---BB.R---,B,R
----BRB.---BB..R--....BR-RRRRBRR-RRB.BR--BBB..---BB.R---,R,R
----BRB.---BB..R--....BR-RRRRBRR-RRB.B.--BBB.R---BB.R---,B,R
----BRB.---BB..R--...BBR-RRRR.RR-RRB.B.--BBB.R---BB.R---,R,R
----BRB.---BB..R--...BBR-RRRR..R-RRB.BR--BBB.R---BB.R---,B,R
----BRB.---BB.BR--....BR-RRRR..R-RRB.BR--BBB.R---BB.R---,R,R
----BRB.---BB.BR--....BR-RRR.R.R-RRB.BR--BBB.R---BB.R---,B,R
----BRB.---BBB.R--....BR-RRR.R.R-RRB.BR--BBB.R---BB.R---,R,R
----BRB.---BBB.R--....B.-RRR.RRR-RRB.BR--BBB.R---BB.R---,B,R
----BRB.---BBB.R--....B.-RRR.RRR-RRBBBR--BB..R---BB.R---,R,R
----BRB.---BBB..--....BR-RRR.RRR-RRBBBR--BB..R---BB.R---,B,R
----BRB.---BBB..--...B.R-RRR.RRR-RRBBBR--BB..R---BB.R---,R,R
----BRB.---BBB..--...B.R-RR.RRRR-RRBBBR--BB..R---BB.R---,B,R
----BRB.---BBB..--...B.R-RR.RRRR-RRBBBR--BBB.R---B..R---,R,R
----BRB.---BBB..--...B.R-R.RRRRR-RRBBBR--BBB.R---B..R---,B,R
----BRB.---BBB..--..B..R-R.RRRRR-RRBBBR--BBB.R---B..R---,R,R
----BRB.---BBB..--..B..R-.RRRRRR-RRBBBR--BBB.R---B..R---,B,R
----RRRR---RRRR.--RRR...-RR...BB-...BBB--.BBBB---BBBB---,B,B
----RRRR---RRRR.--RRR...-RR...BB-..BBBB--.B.BB---BBBB---,R,B
----RRR.---RRRRR--RRR...-RR...BB-..BBBB--.B.BB---BBBB---,B,B
----RRR.---RRRRR--RRR...-RR..BBB-..BB.B--.B.BB---BBBB---,R,B
----RRR.---RRRR.--RRR.R.-RR..BBB-..BB.B--.B.BB---BBBB---,B,B
----RRR.---RRRR.--RRR.R.-RR..BBB-..BBB.--.B.BB---BBBB---,R,B
----RRR.---RRRR.--RRR..R-RR..BBB-..BBB.--.B.BB---BBBB---,B,B
----RRR.---RRRR.--RRR..R-RR.BBBB-..B.B.--.B.BB---BBBB---,R,B
----RRR.---RRRR.--RRR..R-R..BBBB-R.B.B.--.B.BB---BBBB---,B,B
----RRR.---RRRR.--RRR..R-R..BBBB-R.B.B.--.BB.B---BBBB---,R,B
----RRR.---RRRR.--R.R..R-RR.BBBB-R.B.B.--.BB.B---BBBB---,B,B
----RRR.---RRRR.--R.R..R-RR.BBBB-R.B.B.--.BBBB---BB.B---,R,B
----RRR.---RRRR.--R.R..R-RR.BBBB-..B.B.--RBBBB---BB.B---,B,B
----RRR.---RRRR.--R.RB.R-RR..BBB-..B.B.--RBBBB---BB.B---,R,B
----RRR.---R.RR.--RRRB.R-RR..BBB-..B.B.--RBBBB---BB.B---,B,B
----RRR.---R.RR.--RRRBBR-RR..B.B-..B.B.--RBBBB---BB.B---,R,B
----RRR.---R.RR.--RR.BBR-RR.RB.B-..B.B.--RBBBB---BB.B---,B,B
----RRR.---R.RRB--RR.B.R-RR.RB.B-..B.B.--RBBBB---BB.B---,R,B
----RRR.---R.RRB--RR.B.R-R..RB.B-.RB.B.--RBBBB---BB.B---,B,B
----RRR.---R.RRB--RR.B.R-R..RB.B-.RB.B.--RBBBB---BBB.---,R,B
----RRR.---R.RRB--R.RB.R-R..RB.B-.RB.B.--RBBBB---BBB.---,B,B
----RRR.---R.RRB--R.RB.R-R..RBB.-.RB.B.--RBBBB---BBB.---,R,B
----RRR.---R.RRB--R.RB.R-.R.RBB.-.RB.B.--RBBBB---BBB.---,B,B
----RRR.---R.RRB--R.RB.R-.R.RBB.-.RBBB.--RBB.B---BBB.---,R,B
----RRR.---.RRRB--R.RB.R-.R.RBB.-.RBBB.--RBB.B---BBB.---,B,B
----RRR.---.RRRB--R.RB.R-.R.RBB.-.RBBB.--RBBBB---BB..---,R,B
----RRR.---..RRB--RRRB.R-.R.RBB.-.RBBB.--RBBBB---BB..---,B,B
----RRR.---..RRB--RRRBBR-.R.RB..-.RBBB.--RBBBB---BB..---,R,B
----RRR.---..RRB--RRRBB.-.R.RBR.-.RBBB.--RBBBB---BB..---,B,B
----RRRB---..RR.--RRRBB.-.R.RBR.-.RBBB.--RBBBB---BB..---,R,B
----RRRB---..RR.--RRRBB.-.R.RB.R-.RBBB.--RBBBB---BB..---,B,B
----RRRB---..RR.--RRRBB.-.R.RB.R-.RBBBB--RBBB.---BB..---,R,B
----R.RB---.RRR.--RRRBB.-.R.RB.R-.RBBBB--RBBB.---BB..---,B,B
----R.RB---.RRR.--RRRBB.-.R.RBBR-.RBB.B--RBBB.---BB..---,R,B
----R.RB---.RRR.--R.RBB.-.RRRBBR-.RBB.B--RBBB.---BB..---,B,B
----R.RB---.RRR.--R.RBB.-.RRRBBR-.RBBBB--RBB..---BB..---,R,B
----R.RB---.RRR.--R.RBB.-..RRBBR-RRBBBB--RBB..---BB..---,B,B
----R.RB---.RRR.--R.RBBB-..RRB.R-RRBBBB--RBB..---BB..---,R,B
----R.RB---.RRR.--..RBBB-R.RRB.R-RRBBBB--RBB..---BB..---,B,B
----R.RB---.RRRB--..RB.B-R.RRB.R-RRBBBB--RBB..---BB..---,R,B
----R.RB---.RRRB--..RB.B-.RRRB.R-RRBBBB--RBB..---BB..---,B,B
----R.RB---.RRRB--..RB.B-.RRRBBR-RRBBB.--RBB..---BB..---,R,B
----R.RB---.RR.B--..RBRB-.RRRBBR-RRBBB.--RBB..---BB..---,B,B
----R.RB---.RRB.--..RBRB-.RRRBBR-RRBBB.--RBB..---BB..---,R,B
----.RRB---.RRB.--..RBRB-.RRRBBR-RRBBB.--RBB..---BB..---,B,B
----.RRB---.RRBB--..RBR.-.RRRBBR-RRBBB.--RBB..---BB..---,R,B
----.RRB---..RBB--.RRBR.-.RRRBBR-RRBBB.--RBB..---BB..---,B,B
----.RRB---..RBB--.RRBRB-.RRRB.R-RRBBB.--RBB..---BB..---,R,B
----.RRB---..RBB--.RRB.B-.RRRBRR-RRBBB.--RBB..---BB..---,B,B
----.RRB---..RBB--.RRBBB-.RRR.RR-RRBBB.--RBB..---BB..---,R,B
----.RRB---..RBB--.RRBBB-.RR.RRR-RRBBB.--RBB..---BB..---,B,B
----.RRB---..RBB--.RRBBB-.RRBRRR-RRB.B.--RBB..---BB..---,R,B
----.RRB---..RBB--.RRBBB-.RRB.RR-RRBRB.--RBB..---BB..---,B,B
----.RRB---..RBB--.RRBBB-.RRBBRR-RRBR..--RBB..---BB..---,R,B
----RRRR---RRRR.--RRR...-RR...BB-...BBB--.BBBB---BBBB---,B,B
----RRRR---RRRR.--RRR...-RR...BB-...BBB--BBBBB---.BBB---,R,B
----RRRR---RRRR.--RR....-RRR..BB-...BBB--BBBBB---.BBB---,B,B
----RRRR---RRRR.--RR....-RRR..BB-...BBB--BBBBB---B.BB---,R,B
----RRRR---R.RR.--RRR...-RRR..BB-...BBB--BBBBB---B.BB---,B,B
----RRRR---R.RR.--RRR...-RRR..BB-.B.BBB--.BBBB---B.BB---,R,B
----RRRR---R.RR.--RR....-RRRR.BB-.B.BBB--.BBBB---B.BB---,B,B
----RRRR---R.RR.--RR....-RRRR.BB-.B.BBB--BBBBB---..BB---,R,B
----RRRR---R.RR.--RR....-RRR.RBB-.B.BBB--BBBBB---..BB---,B,B
----RRRR---R.RR.--RR....-RRR.RBB-B..BBB--BBBBB---..BB---,R,B
----R.RR---RRRR.--RR....-RRR.RBB-B..BBB--BBBBB---..BB---,B,B
----R.RR---RRRR.--RR...B-RRR.RB.-B..BBB--BBBBB---..BB---,R,B
----R.RR---RRRR.--RR...B-R.R.RB.-BR.BBB--BBBBB---..BB---,B,B
----R.RR---RRRR.--RR...B-R.R.RBB-BR.BB.--BBBBB---..BB---,R,B
----R.RR---RRRR.--RR...B-R.R.RBB-B.RBB.--BBBBB---..BB---,B,B
----R.RR---RRRR.--RR...B-RBR.RBB-..RBB.--BBBBB---..BB---,R,B
----R.RR---RR.R.--RRR..B-RBR.RBB-..RBB.--BBBBB---..BB---,B,B
----R.RR---RR.R.--RRR..B-RBR.RBB-.BRBB.--.BBBB---..BB---,R,B
----R.RR---RR.R.--RRR..B-.BR.RBB-RBRBB.--.BBBB---..BB---,B,B
----R.RR---RR.R.--RRR.B.-.BR.RBB-RBRBB.--.BBBB---..BB---,R,B
----R.RR---RR.R.--RRR.B.-.BR.RBB-.BRBB.--RBBBB---..BB---,B,B
----R.RR---RR.RB--RRR...-.BR.RBB-.BRBB.--RBBBB---..BB---,R,B
----.RRR---RR.RB--RRR...-.BR.RBB-.BRBB.--RBBBB---..BB---,B,B
----.RRR---RR.RB--RRR..B-.BR.R.B-.BRBB.--RBBBB---..BB---,R,B
----..RR---RRRRB--RRR..B-.BR.R.B-.BRBB.--RBBBB---..BB---,B,B
----..RR---RRRRB--RRR..B-.BR.RBB-.BRB..--RBBBB---..BB---,R,B
----..RR---RRRRB--RR.R.B-.BR.RBB-.BRB..--RBBBB---..BB---,B,B
----..RR---RRRRB--RR.R.B-.BRBRBB-.BR...--RBBBB---..BB---,R,B
----..RR---RRR.B--RR.RRB-.BRBRBB-.BR...--RBBBB---..BB---,B,B
----..RR---RRR.B--RRBRRB-.BR.RBB-.BR...--RBBBB---..BB---,R,B
----..RR---RR.RB--RRBRRB-.BR.RBB-.BR...--RBBBB---..BB---,B,B
----..RR---RR.RB--RRBRRB-.BR.RBB-.BR..B--RBBB.---..BB---,R,B
----..RR---R.RRB--RRBRRB-.BR.RBB-.BR..B--RBBB.---..BB---,B,B
----..RR---R.RRB--RRBRRB-.BR.RBB-B.R..B--RBBB.---..BB---,R,B
----..RR---.RRRB--RRBRRB-.BR.RBB-B.R..B--RBBB.---..BB---,B,B
----..RR---.RRRB--RRBRRB-.BR.RBB-B.R..B--RBBBB---..B.---,R,B
----..RR---.RRRB--RRBRRB-.B.RRBB-B.R..B--RBBBB---..B.---,B,B
----..RR---.RRRB--RRBRRB-B..RRBB-B.R..B--RBBBB---..B.---,R,B
----..RR---.RRRB--RRBRRB-B..R.BB-B.RR.B--RBBBB---..B.---,B,B
----..RR---.RRRB--RRBRRB-B..R.BB-B.RRBB--RBBB.---..B.---,R,B
----..RR---.RRRB--R.BRRB-BR.R.BB-B.RRBB--RBBB.---..B.---,B,B
----..RR---.RRRB--R.BRRB-BR.R.BB-BBRRBB--R.BB.---..B.---,R,B
----..RR---.RRRB--R.BRRB-BR.R.BB-BB.RBB--RRBB.---..B.---,B,B
----..RR---.RRRB--R.BRRB-BR.RBBB-BB.R.B--RRBB.---..B.---,R,B
----..RR---.RRRB--R.BRRB-BR.RBBB-BB.R.B--.RBB.---R.B.---,B,B
----..RR---.RRRB--R.BRRB-BR.RBBB-BB.R.B--.RBB.---RB..---,R,B
----..RR---.RRRB--R.BRRB-B.RRBBB-BB.R.B--.RBB.---RB..---,B,B
----..RR---.RRRB--R.BRRB-B.RRBBB-BB.RB.--.RBB.---RB..---,R,B
----..RR---.RRRB--R.BRRB-B..RBBB-BBRRB.--.RBB.---RB..---,B,B
----..RR---.RRRB--RB.RRB-B..RBBB-BBRRB.--.RBB.---RB..---,R,B
----..RR---.RRRB--.B.RRB-BR.RBBB-BBRRB.--.RBB.---RB..---,B,B
----..RR---.RRRB--B..RRB-BR.RBBB-BBRRB.--.RBB.---RB..---,R,B
----..RR---.R.RB--B.RRRB-BR.RBBB-BBRRB.--.RBB.---RB..---,B,B
----..RR---BR.RB--..RRRB-BR.RBBB-BBRRB.--.RBB.---RB..---,R,B
----...R---BRRRB--..RRRB-BR.RBBB-BBRRB.--.RBB.---RB..---,B,B
----...R---BRRRB--..RRRB-BRBRBBB-B.RRB.--.RBB.---RB..---,R,B
----...R---BRRRB--..RRRB-B.BRBBB-BRRRB.--.RBB.---RB..---,B,B
----...R---BRRRB--.BRRRB-B..RBBB-BRRRB.--.RBB.---RB..---,R,B
----...R---BRRRB--.B.RRB-B.RRBBB-BRRRB.--.RBB.---RB..---,B,B
----...R---BRRRB--.B.RRB-BBRRBBB-.RRRB.--.RBB.---RB..---,R,B
----...R---B.RRB--.BRRRB-BBRRBBB-.RRRB.--.RBB.---RB..---,B,B
----B..R---..RRB--.BRRRB-BBRRBBB-.RRRB.--.RBB.---RB..---,R,B
----B..R---..RRB--.BRRRB-BBRRBBB-..RRB.--RRBB.---RB..---,B,B
----B..R---..RRB--BBRRRB-B.RRBBB-..RRB.--RRBB.---RB..---,R,B
----B..R---..RRB--BBRRRB-B..RBBB-.RRRB.--RRBB.---RB..---,B,B
----B..R---B.RRB--B.RRRB-B..RBBB-.RRRB.--RRBB.---RB..---,R,B
